id,external_id,area_id,area_name,unit_type,unit_code,unit_status,source_revision,created_at,updated_at,mirrored_at,mirrored_revision,last_sync_batch_id
930001,U-0001,920002,Lusso Saigon,2 PN,A1.06.05,sold,1,2025-05-30T11:00:00+07:00,2025-05-31T00:00:00+00:00,2025-05-31T00:00:00+00:00,1,seed-batch-units-001
930002,U-0002,920003,Lusso Saigon,3 PN,A1.06.15,available,1,2025-05-30T11:00:00+07:00,2025-05-31T00:00:00+00:00,2025-05-31T00:00:00+00:00,1,seed-batch-units-001
930003,U-0003,920002,Lusso Saigon,2 PN,A1.07.03,available,1,2025-05-30T11:00:00+07:00,2025-05-31T00:00:00+00:00,2025-05-31T00:00:00+00:00,1,seed-batch-units-001
930004,U-0004,920002,Lusso Saigon,2 PN,A1.07.14,available,1,2025-05-30T11:00:00+07:00,2025-05-31T00:00:00+00:00,2025-05-31T00:00:00+00:00,1,seed-batch-units-001
930005,U-0005,920002,Lusso Saigon,2 PN,A1.09.03,reserved,1,2025-05-30T11:00:00+07:00,2025-05-31T00:00:00+00:00,2025-05-31T00:00:00+00:00,1,seed-batch-units-001
930006,U-0006,920002,Lusso Saigon,2 PN,A1.11.05,sold,1,2025-05-30T11:00:00+07:00,2025-05-31T00:00:00+00:00,2025-05-31T00:00:00+00:00,1,seed-batch-units-001
930007,U-0007,920003,Lusso Saigon,3 PN,A1.13.02,sold,1,2025-05-30T11:00:00+07:00,2025-05-31T00:00:00+00:00,2025-05-31T00:00:00+00:00,1,seed-batch-units-001
930008,U-0008,920002,Lusso Saigon,2 PN,A1.13.05,available,1,2025-05-30T11:00:00+07:00,2025-05-31T00:00:00+00:00,2025-05-31T00:00:00+00:00,1,seed-batch-units-001
930009,U-0009,920002,Lusso Saigon,2 PN,A1.13.06,available,1,2025-05-30T11:00:00+07:00,2025-05-31T00:00:00+00:00,2025-05-31T00:00:00+00:00,1,seed-batch-units-001
930010,U-0010,920002,Lusso Saigon,2 PN,A1.13.13,sold,1,2025-05-30T11:00:00+07:00,2025-05-31T00:00:00+00:00,2025-05-31T00:00:00+00:00,1,seed-batch-units-001
930011,U-0011,920003,Lusso Saigon,3 PN,A1.13.15,sold,1,2025-05-30T11:00:00+07:00,2025-05-31T00:00:00+00:00,2025-05-31T00:00:00+00:00,1,seed-batch-units-001
930012,U-0012,920003,Lusso Saigon,3 PN,A1.17.02,sold,1,2025-05-30T11:00:00+07:00,2025-05-31T00:00:00+00:00,2025-05-31T00:00:00+00:00,1,seed-batch-units-001
930013,U-0013,920005,Lusso Saigon,Căn hộ Loft,A1.19.05,available,1,2025-05-30T11:00:00+07:00,2025-05-31T00:00:00+00:00,2025-05-31T00:00:00+00:00,1,seed-batch-units-001
930014,U-0014,920005,Lusso Saigon,Căn hộ Loft,A1.19.10,available,1,2025-05-30T11:00:00+07:00,2025-05-31T00:00:00+00:00,2025-05-31T00:00:00+00:00,1,seed-batch-units-001
930015,U-0015,920002,Lusso Saigon,2 PN,A1.22.05,available,1,2025-05-30T11:00:00+07:00,2025-05-31T00:00:00+00:00,2025-05-31T00:00:00+00:00,1,seed-batch-units-001
930016,U-0016,920003,Lusso Saigon,3 PN,A1.23.02,sold,1,2025-05-30T11:00:00+07:00,2025-05-31T00:00:00+00:00,2025-05-31T00:00:00+00:00,1,seed-batch-units-001
930017,U-0017,920003,Lusso Saigon,3 PN,A1.25.15,available,1,2025-05-30T11:00:00+07:00,2025-05-31T00:00:00+00:00,2025-05-31T00:00:00+00:00,1,seed-batch-units-001
930018,U-0018,920003,Lusso Saigon,3 PN,A1.28.15,reserved,1,2025-05-30T11:00:00+07:00,2025-05-31T00:00:00+00:00,2025-05-31T00:00:00+00:00,1,seed-batch-units-001
930019,U-0019,920002,Lusso Saigon,2 PN,A1.29.05,available,1,2025-05-30T11:00:00+07:00,2025-05-31T00:00:00+00:00,2025-05-31T00:00:00+00:00,1,seed-batch-units-001
930020,U-0020,920002,Lusso Saigon,2 PN,A1.32.14,sold,1,2025-05-30T11:00:00+07:00,2025-05-31T00:00:00+00:00,2025-05-31T00:00:00+00:00,1,seed-batch-units-001
930021,U-0021,920003,Lusso Saigon,3 PN,A1.34.02,sold,1,2025-05-30T11:00:00+07:00,2025-05-31T00:00:00+00:00,2025-05-31T00:00:00+00:00,1,seed-batch-units-001
930022,U-0022,920003,Lusso Saigon,3 PN,A1.35.15,available,1,2025-05-30T11:00:00+07:00,2025-05-31T00:00:00+00:00,2025-05-31T00:00:00+00:00,1,seed-batch-units-001
930023,U-0023,920002,Lusso Saigon,2 PN,A1.37.05,available,1,2025-05-30T11:00:00+07:00,2025-05-31T00:00:00+00:00,2025-05-31T00:00:00+00:00,1,seed-batch-units-001
930024,U-0024,920003,Lusso Saigon,3 PN,A2.05.02,available,1,2025-05-30T11:00:00+07:00,2025-05-31T00:00:00+00:00,2025-05-31T00:00:00+00:00,1,seed-batch-units-001
930025,U-0025,920001,Lusso Saigon,1 PN+,A2.05.11,available,1,2025-05-30T11:00:00+07:00,2025-05-31T00:00:00+00:00,2025-05-31T00:00:00+00:00,1,seed-batch-units-001
930026,U-0026,920002,Lusso Saigon,2 PN,A2.05.12,reserved,1,2025-05-30T11:00:00+07:00,2025-05-31T00:00:00+00:00,2025-05-31T00:00:00+00:00,1,seed-batch-units-001
930027,U-0027,920002,Lusso Saigon,2 PN,A2.05.13,sold,1,2025-05-30T11:00:00+07:00,2025-05-31T00:00:00+00:00,2025-05-31T00:00:00+00:00,1,seed-batch-units-001
930028,U-0028,920002,Lusso Saigon,2 PN,A2.05.14,available,1,2025-05-30T11:00:00+07:00,2025-05-31T00:00:00+00:00,2025-05-31T00:00:00+00:00,1,seed-batch-units-001
930029,U-0029,920001,Lusso Saigon,1 PN+,A2.06.11,reserved,1,2025-05-30T11:00:00+07:00,2025-05-31T00:00:00+00:00,2025-05-31T00:00:00+00:00,1,seed-batch-units-001
930030,U-0030,920002,Lusso Saigon,2 PN,A2.06.13,reserved,1,2025-05-30T11:00:00+07:00,2025-05-31T00:00:00+00:00,2025-05-31T00:00:00+00:00,1,seed-batch-units-001
930031,U-0031,920001,Lusso Saigon,1 PN+,A2.07.11,sold,1,2025-05-30T11:00:00+07:00,2025-05-31T00:00:00+00:00,2025-05-31T00:00:00+00:00,1,seed-batch-units-001
930032,U-0032,920002,Lusso Saigon,2 PN,A2.07.13,sold,1,2025-05-30T11:00:00+07:00,2025-05-31T00:00:00+00:00,2025-05-31T00:00:00+00:00,1,seed-batch-units-001
930033,U-0033,920003,Lusso Saigon,3 PN,A2.07.15,reserved,1,2025-05-30T11:00:00+07:00,2025-05-31T00:00:00+00:00,2025-05-31T00:00:00+00:00,1,seed-batch-units-001
930034,U-0034,920002,Lusso Saigon,2 PN,A2.08.04,reserved,1,2025-05-30T11:00:00+07:00,2025-05-31T00:00:00+00:00,2025-05-31T00:00:00+00:00,1,seed-batch-units-001
930035,U-0035,920001,Lusso Saigon,1 PN+,A2.09.11,available,1,2025-05-30T11:00:00+07:00,2025-05-31T00:00:00+00:00,2025-05-31T00:00:00+00:00,1,seed-batch-units-001
930036,U-0036,920002,Lusso Saigon,2 PN,A2.10.04,available,1,2025-05-30T11:00:00+07:00,2025-05-31T00:00:00+00:00,2025-05-31T00:00:00+00:00,1,seed-batch-units-001
930037,U-0037,920003,Lusso Saigon,3 PN,A2.12.02,available,1,2025-05-30T11:00:00+07:00,2025-05-31T00:00:00+00:00,2025-05-31T00:00:00+00:00,1,seed-batch-units-001
930038,U-0038,920003,Lusso Saigon,3 PN,A2.12.15,sold,1,2025-05-30T11:00:00+07:00,2025-05-31T00:00:00+00:00,2025-05-31T00:00:00+00:00,1,seed-batch-units-001
930039,U-0039,920002,Lusso Saigon,2 PN,A2.13.03,available,1,2025-05-30T11:00:00+07:00,2025-05-31T00:00:00+00:00,2025-05-31T00:00:00+00:00,1,seed-batch-units-001
930040,U-0040,920001,Lusso Saigon,1 PN+,A2.13.11,sold,1,2025-05-30T11:00:00+07:00,2025-05-31T00:00:00+00:00,2025-05-31T00:00:00+00:00,1,seed-batch-units-001
930041,U-0041,920005,Lusso Saigon,Căn hộ Loft,A2.19.07,available,1,2025-05-30T11:00:00+07:00,2025-05-31T00:00:00+00:00,2025-05-31T00:00:00+00:00,1,seed-batch-units-001
930042,U-0042,920005,Lusso Saigon,Căn hộ Loft,A2.19.13,available,1,2025-05-30T11:00:00+07:00,2025-05-31T00:00:00+00:00,2025-05-31T00:00:00+00:00,1,seed-batch-units-001
930043,U-0043,920003,Lusso Saigon,3 PN,A2.21.02,available,1,2025-05-30T11:00:00+07:00,2025-05-31T00:00:00+00:00,2025-05-31T00:00:00+00:00,1,seed-batch-units-001
930044,U-0044,920001,Lusso Saigon,1 PN+,A2.22.11,available,1,2025-05-30T11:00:00+07:00,2025-05-31T00:00:00+00:00,2025-05-31T00:00:00+00:00,1,seed-batch-units-001
930045,U-0045,920003,Lusso Saigon,3 PN,A2.26.02,sold,1,2025-05-30T11:00:00+07:00,2025-05-31T00:00:00+00:00,2025-05-31T00:00:00+00:00,1,seed-batch-units-001
930046,U-0046,920001,Lusso Saigon,1 PN+,A2.29.11,reserved,1,2025-05-30T11:00:00+07:00,2025-05-31T00:00:00+00:00,2025-05-31T00:00:00+00:00,1,seed-batch-units-001
930047,U-0047,920004,Lusso Saigon,4 PN,A2.31.10,sold,1,2025-05-30T11:00:00+07:00,2025-05-31T00:00:00+00:00,2025-05-31T00:00:00+00:00,1,seed-batch-units-001
930048,U-0048,920003,Lusso Saigon,3 PN,A2.31.15,sold,1,2025-05-30T11:00:00+07:00,2025-05-31T00:00:00+00:00,2025-05-31T00:00:00+00:00,1,seed-batch-units-001
930049,U-0049,920002,Lusso Saigon,2 PN,A2.33.04,available,1,2025-05-30T11:00:00+07:00,2025-05-31T00:00:00+00:00,2025-05-31T00:00:00+00:00,1,seed-batch-units-001
930050,U-0050,920003,Lusso Saigon,3 PN,A2.33.15,reserved,1,2025-05-30T11:00:00+07:00,2025-05-31T00:00:00+00:00,2025-05-31T00:00:00+00:00,1,seed-batch-units-001
930051,U-0051,920002,Lusso Saigon,2 PN,A2.34.12,available,1,2025-05-30T11:00:00+07:00,2025-05-31T00:00:00+00:00,2025-05-31T00:00:00+00:00,1,seed-batch-units-001
930052,U-0052,920002,Lusso Saigon,2 PN,A2.34.03,available,1,2025-05-30T11:00:00+07:00,2025-05-31T00:00:00+00:00,2025-05-31T00:00:00+00:00,1,seed-batch-units-001
930053,U-0053,920002,Lusso Saigon,2 PN,A2.34.04,available,1,2025-05-30T11:00:00+07:00,2025-05-31T00:00:00+00:00,2025-05-31T00:00:00+00:00,1,seed-batch-units-001
930054,U-0054,920003,Lusso Saigon,3 PN,A2.35.02,reserved,1,2025-05-30T11:00:00+07:00,2025-05-31T00:00:00+00:00,2025-05-31T00:00:00+00:00,1,seed-batch-units-001
930055,U-0055,920003,Lusso Saigon,3 PN,A2.37.15,available,1,2025-05-30T11:00:00+07:00,2025-05-31T00:00:00+00:00,2025-05-31T00:00:00+00:00,1,seed-batch-units-001
930056,U-0056,920006,Lusso Saigon,Sky villa,A2.38.14,reserved,1,2025-05-30T11:00:00+07:00,2025-05-31T00:00:00+00:00,2025-05-31T00:00:00+00:00,1,seed-batch-units-001
930057,U-0057,920002,Lusso Saigon,2 PN,A2.39.04,reserved,1,2025-05-30T11:00:00+07:00,2025-05-31T00:00:00+00:00,2025-05-31T00:00:00+00:00,1,seed-batch-units-001
930058,U-0058,920004,Lusso Saigon,4 PN,A2.32.10,sold,1,2025-05-30T11:00:00+07:00,2025-05-31T00:00:00+00:00,2025-05-31T00:00:00+00:00,1,seed-batch-units-001
930059,U-0059,920004,Lusso Saigon,4 PN,A2.36.10,available,1,2025-05-30T11:00:00+07:00,2025-05-31T00:00:00+00:00,2025-05-31T00:00:00+00:00,1,seed-batch-units-001
930060,U-0060,920009,Lusso d'Arte,2 PN,B2.05.03,reserved,1,2025-05-30T11:00:00+07:00,2025-05-31T00:00:00+00:00,2025-05-31T00:00:00+00:00,1,seed-batch-units-001
930061,U-0061,920008,Lusso d'Arte,1 PN+,B2.05.12,available,1,2025-05-30T11:00:00+07:00,2025-05-31T00:00:00+00:00,2025-05-31T00:00:00+00:00,1,seed-batch-units-001
930062,U-0062,920009,Lusso d'Arte,2 PN,B2.05.14,reserved,1,2025-05-30T11:00:00+07:00,2025-05-31T00:00:00+00:00,2025-05-31T00:00:00+00:00,1,seed-batch-units-001
930063,U-0063,920009,Lusso d'Arte,2 PN,B2.06.03,available,1,2025-05-30T11:00:00+07:00,2025-05-31T00:00:00+00:00,2025-05-31T00:00:00+00:00,1,seed-batch-units-001
930064,U-0064,920009,Lusso d'Arte,2 PN,B2.06.04,available,1,2025-05-30T11:00:00+07:00,2025-05-31T00:00:00+00:00,2025-05-31T00:00:00+00:00,1,seed-batch-units-001
930065,U-0065,920008,Lusso d'Arte,1 PN+,B2.06.06,available,1,2025-05-30T11:00:00+07:00,2025-05-31T00:00:00+00:00,2025-05-31T00:00:00+00:00,1,seed-batch-units-001
930066,U-0066,920009,Lusso d'Arte,2 PN,B2.06.07,available,1,2025-05-30T11:00:00+07:00,2025-05-31T00:00:00+00:00,2025-05-31T00:00:00+00:00,1,seed-batch-units-001
930067,U-0067,920009,Lusso d'Arte,2 PN,B2.06.10,available,1,2025-05-30T11:00:00+07:00,2025-05-31T00:00:00+00:00,2025-05-31T00:00:00+00:00,1,seed-batch-units-001
930068,U-0068,920009,Lusso d'Arte,2 PN,B2.06.13,sold,1,2025-05-30T11:00:00+07:00,2025-05-31T00:00:00+00:00,2025-05-31T00:00:00+00:00,1,seed-batch-units-001
930069,U-0069,920009,Lusso d'Arte,2 PN,B2.07.05,available,1,2025-05-30T11:00:00+07:00,2025-05-31T00:00:00+00:00,2025-05-31T00:00:00+00:00,1,seed-batch-units-001
930070,U-0070,920007,Lusso d'Arte,1 PN,B2.07.08,available,1,2025-05-30T11:00:00+07:00,2025-05-31T00:00:00+00:00,2025-05-31T00:00:00+00:00,1,seed-batch-units-001
930071,U-0071,920009,Lusso d'Arte,2 PN,B2.07.10,available,1,2025-05-30T11:00:00+07:00,2025-05-31T00:00:00+00:00,2025-05-31T00:00:00+00:00,1,seed-batch-units-001
930072,U-0072,920009,Lusso d'Arte,2 PN,B2.09.04,reserved,1,2025-05-30T11:00:00+07:00,2025-05-31T00:00:00+00:00,2025-05-31T00:00:00+00:00,1,seed-batch-units-001
930073,U-0073,920008,Lusso d'Arte,1 PN+,B2.09.06,available,1,2025-05-30T11:00:00+07:00,2025-05-31T00:00:00+00:00,2025-05-31T00:00:00+00:00,1,seed-batch-units-001
930074,U-0074,920009,Lusso d'Arte,2 PN,B2.09.07,reserved,1,2025-05-30T11:00:00+07:00,2025-05-31T00:00:00+00:00,2025-05-31T00:00:00+00:00,1,seed-batch-units-001
930075,U-0075,920009,Lusso d'Arte,2 PN,B2.10.03,sold,1,2025-05-30T11:00:00+07:00,2025-05-31T00:00:00+00:00,2025-05-31T00:00:00+00:00,1,seed-batch-units-001
930076,U-0076,920009,Lusso d'Arte,2 PN,B2.10.13,available,1,2025-05-30T11:00:00+07:00,2025-05-31T00:00:00+00:00,2025-05-31T00:00:00+00:00,1,seed-batch-units-001
930077,U-0077,920009,Lusso d'Arte,2 PN,B2.11.05,sold,1,2025-05-30T11:00:00+07:00,2025-05-31T00:00:00+00:00,2025-05-31T00:00:00+00:00,1,seed-batch-units-001
930078,U-0078,920009,Lusso d'Arte,2 PN,B2.11.07,sold,1,2025-05-30T11:00:00+07:00,2025-05-31T00:00:00+00:00,2025-05-31T00:00:00+00:00,1,seed-batch-units-001
930079,U-0079,920008,Lusso d'Arte,1 PN+,B2.12.11,sold,1,2025-05-30T11:00:00+07:00,2025-05-31T00:00:00+00:00,2025-05-31T00:00:00+00:00,1,seed-batch-units-001
930080,U-0080,920009,Lusso d'Arte,2 PN,B2.13.03,available,1,2025-05-30T11:00:00+07:00,2025-05-31T00:00:00+00:00,2025-05-31T00:00:00+00:00,1,seed-batch-units-001
930081,U-0081,920009,Lusso d'Arte,2 PN,B2.13.04,sold,1,2025-05-30T11:00:00+07:00,2025-05-31T00:00:00+00:00,2025-05-31T00:00:00+00:00,1,seed-batch-units-001
930082,U-0082,920009,Lusso d'Arte,2 PN,B2.13.09,available,1,2025-05-30T11:00:00+07:00,2025-05-31T00:00:00+00:00,2025-05-31T00:00:00+00:00,1,seed-batch-units-001
930083,U-0083,920009,Lusso d'Arte,2 PN,B2.13.12,available,1,2025-05-30T11:00:00+07:00,2025-05-31T00:00:00+00:00,2025-05-31T00:00:00+00:00,1,seed-batch-units-001
930084,U-0084,920009,Lusso d'Arte,2 PN,B2.16.13,reserved,1,2025-05-30T11:00:00+07:00,2025-05-31T00:00:00+00:00,2025-05-31T00:00:00+00:00,1,seed-batch-units-001
930085,U-0085,920009,Lusso d'Arte,2 PN,B2.17.03,sold,1,2025-05-30T11:00:00+07:00,2025-05-31T00:00:00+00:00,2025-05-31T00:00:00+00:00,1,seed-batch-units-001
930086,U-0086,920009,Lusso d'Arte,2 PN,B2.17.04,available,1,2025-05-30T11:00:00+07:00,2025-05-31T00:00:00+00:00,2025-05-31T00:00:00+00:00,1,seed-batch-units-001
930087,U-0087,920010,Lusso d'Arte,4 PN,B2.17.06,available,1,2025-05-30T11:00:00+07:00,2025-05-31T00:00:00+00:00,2025-05-31T00:00:00+00:00,1,seed-batch-units-001
930088,U-0088,920008,Lusso d'Arte,1 PN+,B2.17.11,available,1,2025-05-30T11:00:00+07:00,2025-05-31T00:00:00+00:00,2025-05-31T00:00:00+00:00,1,seed-batch-units-001
930089,U-0089,920011,Lusso d'Arte,Căn hộ Loft,B2.19.05,available,1,2025-05-30T11:00:00+07:00,2025-05-31T00:00:00+00:00,2025-05-31T00:00:00+00:00,1,seed-batch-units-001
930090,U-0090,920011,Lusso d'Arte,Căn hộ Loft,B2.19.08,reserved,1,2025-05-30T11:00:00+07:00,2025-05-31T00:00:00+00:00,2025-05-31T00:00:00+00:00,1,seed-batch-units-001
930091,U-0091,920011,Lusso d'Arte,Căn hộ Loft,B2.19.09,available,1,2025-05-30T11:00:00+07:00,2025-05-31T00:00:00+00:00,2025-05-31T00:00:00+00:00,1,seed-batch-units-001
930092,U-0092,920011,Lusso d'Arte,Căn hộ Loft,B2.19.10,available,1,2025-05-30T11:00:00+07:00,2025-05-31T00:00:00+00:00,2025-05-31T00:00:00+00:00,1,seed-batch-units-001
930093,U-0093,920011,Lusso d'Arte,Căn hộ Loft,B2.19.13,available,1,2025-05-30T11:00:00+07:00,2025-05-31T00:00:00+00:00,2025-05-31T00:00:00+00:00,1,seed-batch-units-001
930094,U-0094,920010,Lusso d'Arte,4 PN,B2.22.06,available,1,2025-05-30T11:00:00+07:00,2025-05-31T00:00:00+00:00,2025-05-31T00:00:00+00:00,1,seed-batch-units-001
930095,U-0095,920009,Lusso d'Arte,2 PN,B2.23.05,sold,1,2025-05-30T11:00:00+07:00,2025-05-31T00:00:00+00:00,2025-05-31T00:00:00+00:00,1,seed-batch-units-001
930096,U-0096,920009,Lusso d'Arte,2 PN,B2.23.12,sold,1,2025-05-30T11:00:00+07:00,2025-05-31T00:00:00+00:00,2025-05-31T00:00:00+00:00,1,seed-batch-units-001
930097,U-0097,920009,Lusso d'Arte,2 PN,B2.25.09,reserved,1,2025-05-30T11:00:00+07:00,2025-05-31T00:00:00+00:00,2025-05-31T00:00:00+00:00,1,seed-batch-units-001
930098,U-0098,920009,Lusso d'Arte,2 PN,B2.25.13,sold,1,2025-05-30T11:00:00+07:00,2025-05-31T00:00:00+00:00,2025-05-31T00:00:00+00:00,1,seed-batch-units-001
930099,U-0099,920009,Lusso d'Arte,2 PN,B2.26.03,available,1,2025-05-30T11:00:00+07:00,2025-05-31T00:00:00+00:00,2025-05-31T00:00:00+00:00,1,seed-batch-units-001
930100,U-0100,920009,Lusso d'Arte,2 PN,B2.26.04,available,1,2025-05-30T11:00:00+07:00,2025-05-31T00:00:00+00:00,2025-05-31T00:00:00+00:00,1,seed-batch-units-001
930101,U-0101,920009,Lusso d'Arte,2 PN,B2.28.03,sold,1,2025-05-30T11:00:00+07:00,2025-05-31T00:00:00+00:00,2025-05-31T00:00:00+00:00,1,seed-batch-units-001
930102,U-0102,920009,Lusso d'Arte,2 PN,B2.28.05,available,1,2025-05-30T11:00:00+07:00,2025-05-31T00:00:00+00:00,2025-05-31T00:00:00+00:00,1,seed-batch-units-001
930103,U-0103,920010,Lusso d'Arte,4 PN,B2.29.06,available,1,2025-05-30T11:00:00+07:00,2025-05-31T00:00:00+00:00,2025-05-31T00:00:00+00:00,1,seed-batch-units-001
930104,U-0104,920009,Lusso d'Arte,2 PN,B2.29.13,available,1,2025-05-30T11:00:00+07:00,2025-05-31T00:00:00+00:00,2025-05-31T00:00:00+00:00,1,seed-batch-units-001
930105,U-0105,920009,Lusso d'Arte,2 PN,B2.31.03,available,1,2025-05-30T11:00:00+07:00,2025-05-31T00:00:00+00:00,2025-05-31T00:00:00+00:00,1,seed-batch-units-001
930106,U-0106,920009,Lusso d'Arte,2 PN,B2.31.04,sold,1,2025-05-30T11:00:00+07:00,2025-05-31T00:00:00+00:00,2025-05-31T00:00:00+00:00,1,seed-batch-units-001
930107,U-0107,920009,Lusso d'Arte,2 PN,B2.31.09,reserved,1,2025-05-30T11:00:00+07:00,2025-05-31T00:00:00+00:00,2025-05-31T00:00:00+00:00,1,seed-batch-units-001
930108,U-0108,920008,Lusso d'Arte,1 PN+,B2.31.11,available,1,2025-05-30T11:00:00+07:00,2025-05-31T00:00:00+00:00,2025-05-31T00:00:00+00:00,1,seed-batch-units-001
930109,U-0109,920009,Lusso d'Arte,2 PN,B2.32.04,sold,1,2025-05-30T11:00:00+07:00,2025-05-31T00:00:00+00:00,2025-05-31T00:00:00+00:00,1,seed-batch-units-001
930110,U-0110,920009,Lusso d'Arte,2 PN,B2.32.05,available,1,2025-05-30T11:00:00+07:00,2025-05-31T00:00:00+00:00,2025-05-31T00:00:00+00:00,1,seed-batch-units-001
930111,U-0111,920009,Lusso d'Arte,2 PN,B2.32.09,available,1,2025-05-30T11:00:00+07:00,2025-05-31T00:00:00+00:00,2025-05-31T00:00:00+00:00,1,seed-batch-units-001
930112,U-0112,920009,Lusso d'Arte,2 PN,B2.33.03,reserved,1,2025-05-30T11:00:00+07:00,2025-05-31T00:00:00+00:00,2025-05-31T00:00:00+00:00,1,seed-batch-units-001
930113,U-0113,920009,Lusso d'Arte,2 PN,B2.33.05,sold,1,2025-05-30T11:00:00+07:00,2025-05-31T00:00:00+00:00,2025-05-31T00:00:00+00:00,1,seed-batch-units-001
930114,U-0114,920010,Lusso d'Arte,4 PN,B2.33.06,available,1,2025-05-30T11:00:00+07:00,2025-05-31T00:00:00+00:00,2025-05-31T00:00:00+00:00,1,seed-batch-units-001
930115,U-0115,920009,Lusso d'Arte,2 PN,B2.35.13,reserved,1,2025-05-30T11:00:00+07:00,2025-05-31T00:00:00+00:00,2025-05-31T00:00:00+00:00,1,seed-batch-units-001
930116,U-0116,920009,Lusso d'Arte,2 PN,B2.36.12,sold,1,2025-05-30T11:00:00+07:00,2025-05-31T00:00:00+00:00,2025-05-31T00:00:00+00:00,1,seed-batch-units-001
930117,U-0117,920009,Lusso d'Arte,2 PN,B2.37.03,sold,1,2025-05-30T11:00:00+07:00,2025-05-31T00:00:00+00:00,2025-05-31T00:00:00+00:00,1,seed-batch-units-001
930118,U-0118,920009,Lusso d'Arte,2 PN,B2.37.04,sold,1,2025-05-30T11:00:00+07:00,2025-05-31T00:00:00+00:00,2025-05-31T00:00:00+00:00,1,seed-batch-units-001
930119,U-0119,920009,Lusso d'Arte,2 PN,B2.37.05,available,1,2025-05-30T11:00:00+07:00,2025-05-31T00:00:00+00:00,2025-05-31T00:00:00+00:00,1,seed-batch-units-001
930120,U-0120,920009,Lusso d'Arte,2 PN,B2.39.09,sold,1,2025-05-30T11:00:00+07:00,2025-05-31T00:00:00+00:00,2025-05-31T00:00:00+00:00,1,seed-batch-units-001
930121,U-0121,920012,Risa,1 PN,A3.04.02,available,1,2025-05-30T11:00:00+07:00,2025-05-31T00:00:00+00:00,2025-05-31T00:00:00+00:00,1,seed-batch-units-001
930122,U-0122,920014,Risa,2 PN + 2 WC,A3.04.03,available,1,2025-05-30T11:00:00+07:00,2025-05-31T00:00:00+00:00,2025-05-31T00:00:00+00:00,1,seed-batch-units-001
930123,U-0123,920018,Risa,RISA,A3.04.06,available,1,2025-05-30T11:00:00+07:00,2025-05-31T00:00:00+00:00,2025-05-31T00:00:00+00:00,1,seed-batch-units-001
930124,U-0124,920018,Risa,RISA,A3.04.09,reserved,1,2025-05-30T11:00:00+07:00,2025-05-31T00:00:00+00:00,2025-05-31T00:00:00+00:00,1,seed-batch-units-001
930125,U-0125,920014,Risa,2 PN + 2 WC,A3.04.11,available,1,2025-05-30T11:00:00+07:00,2025-05-31T00:00:00+00:00,2025-05-31T00:00:00+00:00,1,seed-batch-units-001
930126,U-0126,920014,Risa,2 PN + 2 WC,A3.04.12,sold,1,2025-05-30T11:00:00+07:00,2025-05-31T00:00:00+00:00,2025-05-31T00:00:00+00:00,1,seed-batch-units-001
930127,U-0127,920014,Risa,2 PN + 2 WC,A3.04.13,available,1,2025-05-30T11:00:00+07:00,2025-05-31T00:00:00+00:00,2025-05-31T00:00:00+00:00,1,seed-batch-units-001
930128,U-0128,920014,Risa,2 PN + 2 WC,A3.04.14,reserved,1,2025-05-30T11:00:00+07:00,2025-05-31T00:00:00+00:00,2025-05-31T00:00:00+00:00,1,seed-batch-units-001
930129,U-0129,920014,Risa,2 PN + 2 WC,A3.05.03,sold,1,2025-05-30T11:00:00+07:00,2025-05-31T00:00:00+00:00,2025-05-31T00:00:00+00:00,1,seed-batch-units-001
930130,U-0130,920014,Risa,2 PN + 2 WC,A3.05.04,sold,1,2025-05-30T11:00:00+07:00,2025-05-31T00:00:00+00:00,2025-05-31T00:00:00+00:00,1,seed-batch-units-001
930131,U-0131,920014,Risa,2 PN + 2 WC,A3.05.11,available,1,2025-05-30T11:00:00+07:00,2025-05-31T00:00:00+00:00,2025-05-31T00:00:00+00:00,1,seed-batch-units-001
930132,U-0132,920014,Risa,2 PN + 2 WC,A3.05.12,sold,1,2025-05-30T11:00:00+07:00,2025-05-31T00:00:00+00:00,2025-05-31T00:00:00+00:00,1,seed-batch-units-001
930133,U-0133,920012,Risa,1 PN,A3.06.02,reserved,1,2025-05-30T11:00:00+07:00,2025-05-31T00:00:00+00:00,2025-05-31T00:00:00+00:00,1,seed-batch-units-001
930134,U-0134,920014,Risa,2 PN + 2 WC,A3.07.08,available,1,2025-05-30T11:00:00+07:00,2025-05-31T00:00:00+00:00,2025-05-31T00:00:00+00:00,1,seed-batch-units-001
930135,U-0135,920014,Risa,2 PN + 2 WC,A3.09.08,reserved,1,2025-05-30T11:00:00+07:00,2025-05-31T00:00:00+00:00,2025-05-31T00:00:00+00:00,1,seed-batch-units-001
930136,U-0136,920014,Risa,2 PN + 2 WC,A3.13.08,reserved,1,2025-05-30T11:00:00+07:00,2025-05-31T00:00:00+00:00,2025-05-31T00:00:00+00:00,1,seed-batch-units-001
930137,U-0137,920014,Risa,2 PN + 2 WC,A3.14.08,sold,1,2025-05-30T11:00:00+07:00,2025-05-31T00:00:00+00:00,2025-05-31T00:00:00+00:00,1,seed-batch-units-001
930138,U-0138,920016,Risa,Căn hộ Loft,A3.19.04,available,1,2025-05-30T11:00:00+07:00,2025-05-31T00:00:00+00:00,2025-05-31T00:00:00+00:00,1,seed-batch-units-001
930139,U-0139,920016,Risa,Căn hộ Loft,A3.19.06,available,1,2025-05-30T11:00:00+07:00,2025-05-31T00:00:00+00:00,2025-05-31T00:00:00+00:00,1,seed-batch-units-001
930140,U-0140,920016,Risa,Căn hộ Loft,A3.19.09,available,1,2025-05-30T11:00:00+07:00,2025-05-31T00:00:00+00:00,2025-05-31T00:00:00+00:00,1,seed-batch-units-001
930141,U-0141,920016,Risa,Căn hộ Loft,A3.19.11,available,1,2025-05-30T11:00:00+07:00,2025-05-31T00:00:00+00:00,2025-05-31T00:00:00+00:00,1,seed-batch-units-001
930142,U-0142,920016,Risa,Căn hộ Loft,A3.19.13,sold,1,2025-05-30T11:00:00+07:00,2025-05-31T00:00:00+00:00,2025-05-31T00:00:00+00:00,1,seed-batch-units-001
930143,U-0143,920016,Risa,Căn hộ Loft,A3.19.16,sold,1,2025-05-30T11:00:00+07:00,2025-05-31T00:00:00+00:00,2025-05-31T00:00:00+00:00,1,seed-batch-units-001
930144,U-0144,920016,Risa,Căn hộ Loft,A3.19.17,sold,1,2025-05-30T11:00:00+07:00,2025-05-31T00:00:00+00:00,2025-05-31T00:00:00+00:00,1,seed-batch-units-001
930145,U-0145,920016,Risa,Căn hộ Loft,A3.19.18,reserved,1,2025-05-30T11:00:00+07:00,2025-05-31T00:00:00+00:00,2025-05-31T00:00:00+00:00,1,seed-batch-units-001
930146,U-0146,920014,Risa,2 PN + 2 WC,A3.27.04,available,1,2025-05-30T11:00:00+07:00,2025-05-31T00:00:00+00:00,2025-05-31T00:00:00+00:00,1,seed-batch-units-001
930147,U-0147,920014,Risa,2 PN + 2 WC,A3.32.04,sold,1,2025-05-30T11:00:00+07:00,2025-05-31T00:00:00+00:00,2025-05-31T00:00:00+00:00,1,seed-batch-units-001
930148,U-0148,920012,Risa,1 PN,A3.33.02,sold,1,2025-05-30T11:00:00+07:00,2025-05-31T00:00:00+00:00,2025-05-31T00:00:00+00:00,1,seed-batch-units-001
930149,U-0149,920014,Risa,2 PN + 2 WC,A3.34.03,sold,1,2025-05-30T11:00:00+07:00,2025-05-31T00:00:00+00:00,2025-05-31T00:00:00+00:00,1,seed-batch-units-001
930150,U-0150,920014,Risa,2 PN + 2 WC,A3.34.04,sold,1,2025-05-30T11:00:00+07:00,2025-05-31T00:00:00+00:00,2025-05-31T00:00:00+00:00,1,seed-batch-units-001
930151,U-0151,920014,Risa,2 PN + 2 WC,A3.37.03,sold,1,2025-05-30T11:00:00+07:00,2025-05-31T00:00:00+00:00,2025-05-31T00:00:00+00:00,1,seed-batch-units-001
930152,U-0152,920012,Risa,1 PN,A3.37.05,available,1,2025-05-30T11:00:00+07:00,2025-05-31T00:00:00+00:00,2025-05-31T00:00:00+00:00,1,seed-batch-units-001
930153,U-0153,920012,Risa,1 PN,A3.38.02,sold,1,2025-05-30T11:00:00+07:00,2025-05-31T00:00:00+00:00,2025-05-31T00:00:00+00:00,1,seed-batch-units-001
930154,U-0154,920014,Risa,2 PN + 2 WC,A3.38.03,available,1,2025-05-30T11:00:00+07:00,2025-05-31T00:00:00+00:00,2025-05-31T00:00:00+00:00,1,seed-batch-units-001
930155,U-0155,920012,Risa,1 PN,A3.39.02,sold,1,2025-05-30T11:00:00+07:00,2025-05-31T00:00:00+00:00,2025-05-31T00:00:00+00:00,1,seed-batch-units-001
930156,U-0156,920014,Risa,2 PN + 2 WC,A3.39.04,available,1,2025-05-30T11:00:00+07:00,2025-05-31T00:00:00+00:00,2025-05-31T00:00:00+00:00,1,seed-batch-units-001
930157,U-0157,920018,Risa,RISA,A3.39.09,sold,1,2025-05-30T11:00:00+07:00,2025-05-31T00:00:00+00:00,2025-05-31T00:00:00+00:00,1,seed-batch-units-001
930158,U-0158,920018,Risa,RISA,A4.04.01,sold,1,2025-05-30T11:00:00+07:00,2025-05-31T00:00:00+00:00,2025-05-31T00:00:00+00:00,1,seed-batch-units-001
930159,U-0159,920014,Risa,2 PN + 2 WC,A4.04.03,sold,1,2025-05-30T11:00:00+07:00,2025-05-31T00:00:00+00:00,2025-05-31T00:00:00+00:00,1,seed-batch-units-001
930160,U-0160,920014,Risa,2 PN + 2 WC,A4.04.04,available,1,2025-05-30T11:00:00+07:00,2025-05-31T00:00:00+00:00,2025-05-31T00:00:00+00:00,1,seed-batch-units-001
930161,U-0161,920014,Risa,2 PN + 2 WC,A4.04.20,reserved,1,2025-05-30T11:00:00+07:00,2025-05-31T00:00:00+00:00,2025-05-31T00:00:00+00:00,1,seed-batch-units-001
930162,U-0162,920015,Risa,3 PN,A4.04.21,sold,1,2025-05-30T11:00:00+07:00,2025-05-31T00:00:00+00:00,2025-05-31T00:00:00+00:00,1,seed-batch-units-001
930163,U-0163,920012,Risa,1 PN,A4.05.02,reserved,1,2025-05-30T11:00:00+07:00,2025-05-31T00:00:00+00:00,2025-05-31T00:00:00+00:00,1,seed-batch-units-001
930164,U-0164,920015,Risa,3 PN,A4.05.21,sold,1,2025-05-30T11:00:00+07:00,2025-05-31T00:00:00+00:00,2025-05-31T00:00:00+00:00,1,seed-batch-units-001
930165,U-0165,920012,Risa,1 PN,A4.06.02,available,1,2025-05-30T11:00:00+07:00,2025-05-31T00:00:00+00:00,2025-05-31T00:00:00+00:00,1,seed-batch-units-001
930166,U-0166,920014,Risa,2 PN + 2 WC,A4.06.04,reserved,1,2025-05-30T11:00:00+07:00,2025-05-31T00:00:00+00:00,2025-05-31T00:00:00+00:00,1,seed-batch-units-001
930167,U-0167,920012,Risa,1 PN,A4.06.05,available,1,2025-05-30T11:00:00+07:00,2025-05-31T00:00:00+00:00,2025-05-31T00:00:00+00:00,1,seed-batch-units-001
930168,U-0168,920012,Risa,1 PN,A4.07.02,reserved,1,2025-05-30T11:00:00+07:00,2025-05-31T00:00:00+00:00,2025-05-31T00:00:00+00:00,1,seed-batch-units-001
930169,U-0169,920014,Risa,2 PN + 2 WC,A4.07.04,available,1,2025-05-30T11:00:00+07:00,2025-05-31T00:00:00+00:00,2025-05-31T00:00:00+00:00,1,seed-batch-units-001
930170,U-0170,920015,Risa,3 PN,A4.08.21,reserved,1,2025-05-30T11:00:00+07:00,2025-05-31T00:00:00+00:00,2025-05-31T00:00:00+00:00,1,seed-batch-units-001
930171,U-0171,920015,Risa,3 PN,A4.09.21,available,1,2025-05-30T11:00:00+07:00,2025-05-31T00:00:00+00:00,2025-05-31T00:00:00+00:00,1,seed-batch-units-001
930172,U-0172,920018,Risa,RISA,A4.10.01,sold,1,2025-05-30T11:00:00+07:00,2025-05-31T00:00:00+00:00,2025-05-31T00:00:00+00:00,1,seed-batch-units-001
930173,U-0173,920012,Risa,1 PN,A4.10.05,available,1,2025-05-30T11:00:00+07:00,2025-05-31T00:00:00+00:00,2025-05-31T00:00:00+00:00,1,seed-batch-units-001
930174,U-0174,920015,Risa,3 PN,A4.10.21,available,1,2025-05-30T11:00:00+07:00,2025-05-31T00:00:00+00:00,2025-05-31T00:00:00+00:00,1,seed-batch-units-001
930175,U-0175,920012,Risa,1 PN,A4.11.05,available,1,2025-05-30T11:00:00+07:00,2025-05-31T00:00:00+00:00,2025-05-31T00:00:00+00:00,1,seed-batch-units-001
930176,U-0176,920012,Risa,1 PN,A4.12.05,available,1,2025-05-30T11:00:00+07:00,2025-05-31T00:00:00+00:00,2025-05-31T00:00:00+00:00,1,seed-batch-units-001
930177,U-0177,920012,Risa,1 PN,A4.13.02,available,1,2025-05-30T11:00:00+07:00,2025-05-31T00:00:00+00:00,2025-05-31T00:00:00+00:00,1,seed-batch-units-001
930178,U-0178,920014,Risa,2 PN + 2 WC,A4.13.03,available,1,2025-05-30T11:00:00+07:00,2025-05-31T00:00:00+00:00,2025-05-31T00:00:00+00:00,1,seed-batch-units-001
930179,U-0179,920012,Risa,1 PN,A4.13.05,available,1,2025-05-30T11:00:00+07:00,2025-05-31T00:00:00+00:00,2025-05-31T00:00:00+00:00,1,seed-batch-units-001
930180,U-0180,920017,Risa,Căn hộ sân vườn,A4.14.01,reserved,1,2025-05-30T11:00:00+07:00,2025-05-31T00:00:00+00:00,2025-05-31T00:00:00+00:00,1,seed-batch-units-001
930181,U-0181,920017,Risa,Căn hộ sân vườn,A4.14.02,sold,1,2025-05-30T11:00:00+07:00,2025-05-31T00:00:00+00:00,2025-05-31T00:00:00+00:00,1,seed-batch-units-001
930182,U-0182,920015,Risa,3 PN,A4.15.19,available,1,2025-05-30T11:00:00+07:00,2025-05-31T00:00:00+00:00,2025-05-31T00:00:00+00:00,1,seed-batch-units-001
930183,U-0183,920018,Risa,RISA,A4.17.01,available,1,2025-05-30T11:00:00+07:00,2025-05-31T00:00:00+00:00,2025-05-31T00:00:00+00:00,1,seed-batch-units-001
930184,U-0184,920015,Risa,3 PN,A4.17.21,reserved,1,2025-05-30T11:00:00+07:00,2025-05-31T00:00:00+00:00,2025-05-31T00:00:00+00:00,1,seed-batch-units-001
930185,U-0185,920016,Risa,Căn hộ Loft,A4.19.01,sold,1,2025-05-30T11:00:00+07:00,2025-05-31T00:00:00+00:00,2025-05-31T00:00:00+00:00,1,seed-batch-units-001
930186,U-0186,920016,Risa,Căn hộ Loft,A4.19.03,available,1,2025-05-30T11:00:00+07:00,2025-05-31T00:00:00+00:00,2025-05-31T00:00:00+00:00,1,seed-batch-units-001
930187,U-0187,920014,Risa,2 PN + 2 WC,A4.19.04,sold,1,2025-05-30T11:00:00+07:00,2025-05-31T00:00:00+00:00,2025-05-31T00:00:00+00:00,1,seed-batch-units-001
930188,U-0188,920012,Risa,1 PN,A4.19.05,available,1,2025-05-30T11:00:00+07:00,2025-05-31T00:00:00+00:00,2025-05-31T00:00:00+00:00,1,seed-batch-units-001
930189,U-0189,920016,Risa,Căn hộ Loft,A4.19.07,available,1,2025-05-30T11:00:00+07:00,2025-05-31T00:00:00+00:00,2025-05-31T00:00:00+00:00,1,seed-batch-units-001
930190,U-0190,920016,Risa,Căn hộ Loft,A4.19.09,reserved,1,2025-05-30T11:00:00+07:00,2025-05-31T00:00:00+00:00,2025-05-31T00:00:00+00:00,1,seed-batch-units-001
930191,U-0191,920016,Risa,Căn hộ Loft,A4.19.10,sold,1,2025-05-30T11:00:00+07:00,2025-05-31T00:00:00+00:00,2025-05-31T00:00:00+00:00,1,seed-batch-units-001
930192,U-0192,920016,Risa,Căn hộ Loft,A4.19.15,reserved,1,2025-05-30T11:00:00+07:00,2025-05-31T00:00:00+00:00,2025-05-31T00:00:00+00:00,1,seed-batch-units-001
930193,U-0193,920016,Risa,Căn hộ Loft,A4.19.16,available,1,2025-05-30T11:00:00+07:00,2025-05-31T00:00:00+00:00,2025-05-31T00:00:00+00:00,1,seed-batch-units-001
930194,U-0194,920016,Risa,Căn hộ Loft,A4.19.18,available,1,2025-05-30T11:00:00+07:00,2025-05-31T00:00:00+00:00,2025-05-31T00:00:00+00:00,1,seed-batch-units-001
930195,U-0195,920016,Risa,Căn hộ Loft,A4.19.19,sold,1,2025-05-30T11:00:00+07:00,2025-05-31T00:00:00+00:00,2025-05-31T00:00:00+00:00,1,seed-batch-units-001
930196,U-0196,920016,Risa,Căn hộ Loft,A4.19.22,reserved,1,2025-05-30T11:00:00+07:00,2025-05-31T00:00:00+00:00,2025-05-31T00:00:00+00:00,1,seed-batch-units-001
930197,U-0197,920016,Risa,Căn hộ Loft,A4.19.23,sold,1,2025-05-30T11:00:00+07:00,2025-05-31T00:00:00+00:00,2025-05-31T00:00:00+00:00,1,seed-batch-units-001
930198,U-0198,920012,Risa,1 PN,A4.24.02,sold,1,2025-05-30T11:00:00+07:00,2025-05-31T00:00:00+00:00,2025-05-31T00:00:00+00:00,1,seed-batch-units-001
930199,U-0199,920012,Risa,1 PN,A4.26.05,sold,1,2025-05-30T11:00:00+07:00,2025-05-31T00:00:00+00:00,2025-05-31T00:00:00+00:00,1,seed-batch-units-001
930200,U-0200,920018,Risa,RISA,A4.27.01,sold,1,2025-05-30T11:00:00+07:00,2025-05-31T00:00:00+00:00,2025-05-31T00:00:00+00:00,1,seed-batch-units-001
930201,U-0201,920014,Risa,2 PN + 2 WC,A4.27.04,sold,1,2025-05-30T11:00:00+07:00,2025-05-31T00:00:00+00:00,2025-05-31T00:00:00+00:00,1,seed-batch-units-001
930202,U-0202,920012,Risa,1 PN,A4.27.05,available,1,2025-05-30T11:00:00+07:00,2025-05-31T00:00:00+00:00,2025-05-31T00:00:00+00:00,1,seed-batch-units-001
930203,U-0203,920017,Risa,Căn hộ sân vườn,A4.28.01,available,1,2025-05-30T11:00:00+07:00,2025-05-31T00:00:00+00:00,2025-05-31T00:00:00+00:00,1,seed-batch-units-001
930204,U-0204,920017,Risa,Căn hộ sân vườn,A4.28.02,available,1,2025-05-30T11:00:00+07:00,2025-05-31T00:00:00+00:00,2025-05-31T00:00:00+00:00,1,seed-batch-units-001
930205,U-0205,920015,Risa,3 PN,A4.29.19,available,1,2025-05-30T11:00:00+07:00,2025-05-31T00:00:00+00:00,2025-05-31T00:00:00+00:00,1,seed-batch-units-001
930206,U-0206,920018,Risa,RISA,A4.31.01,sold,1,2025-05-30T11:00:00+07:00,2025-05-31T00:00:00+00:00,2025-05-31T00:00:00+00:00,1,seed-batch-units-001
930207,U-0207,920012,Risa,1 PN,A4.31.02,sold,1,2025-05-30T11:00:00+07:00,2025-05-31T00:00:00+00:00,2025-05-31T00:00:00+00:00,1,seed-batch-units-001
930208,U-0208,920012,Risa,1 PN,A4.31.05,sold,1,2025-05-30T11:00:00+07:00,2025-05-31T00:00:00+00:00,2025-05-31T00:00:00+00:00,1,seed-batch-units-001
930209,U-0209,920018,Risa,RISA,A4.32.01,available,1,2025-05-30T11:00:00+07:00,2025-05-31T00:00:00+00:00,2025-05-31T00:00:00+00:00,1,seed-batch-units-001
930210,U-0210,920014,Risa,2 PN + 2 WC,A4.33.04,sold,1,2025-05-30T11:00:00+07:00,2025-05-31T00:00:00+00:00,2025-05-31T00:00:00+00:00,1,seed-batch-units-001
930211,U-0211,920012,Risa,1 PN,A4.33.05,available,1,2025-05-30T11:00:00+07:00,2025-05-31T00:00:00+00:00,2025-05-31T00:00:00+00:00,1,seed-batch-units-001
930212,U-0212,920014,Risa,2 PN + 2 WC,A4.34.03,reserved,1,2025-05-30T11:00:00+07:00,2025-05-31T00:00:00+00:00,2025-05-31T00:00:00+00:00,1,seed-batch-units-001
930213,U-0213,920012,Risa,1 PN,A4.34.05,reserved,1,2025-05-30T11:00:00+07:00,2025-05-31T00:00:00+00:00,2025-05-31T00:00:00+00:00,1,seed-batch-units-001
930214,U-0214,920018,Risa,RISA,A4.35.01,available,1,2025-05-30T11:00:00+07:00,2025-05-31T00:00:00+00:00,2025-05-31T00:00:00+00:00,1,seed-batch-units-001
930215,U-0215,920014,Risa,2 PN + 2 WC,A4.35.04,available,1,2025-05-30T11:00:00+07:00,2025-05-31T00:00:00+00:00,2025-05-31T00:00:00+00:00,1,seed-batch-units-001
930216,U-0216,920012,Risa,1 PN,A4.35.05,reserved,1,2025-05-30T11:00:00+07:00,2025-05-31T00:00:00+00:00,2025-05-31T00:00:00+00:00,1,seed-batch-units-001
930217,U-0217,920018,Risa,RISA,A4.36.01,reserved,1,2025-05-30T11:00:00+07:00,2025-05-31T00:00:00+00:00,2025-05-31T00:00:00+00:00,1,seed-batch-units-001
930218,U-0218,920012,Risa,1 PN,A4.36.02,available,1,2025-05-30T11:00:00+07:00,2025-05-31T00:00:00+00:00,2025-05-31T00:00:00+00:00,1,seed-batch-units-001
930219,U-0219,920014,Risa,2 PN + 2 WC,A4.36.03,sold,1,2025-05-30T11:00:00+07:00,2025-05-31T00:00:00+00:00,2025-05-31T00:00:00+00:00,1,seed-batch-units-001
930220,U-0220,920014,Risa,2 PN + 2 WC,A4.36.04,available,1,2025-05-30T11:00:00+07:00,2025-05-31T00:00:00+00:00,2025-05-31T00:00:00+00:00,1,seed-batch-units-001
930221,U-0221,920018,Risa,RISA,A4.37.01,sold,1,2025-05-30T11:00:00+07:00,2025-05-31T00:00:00+00:00,2025-05-31T00:00:00+00:00,1,seed-batch-units-001
930222,U-0222,920012,Risa,1 PN,A4.37.02,reserved,1,2025-05-30T11:00:00+07:00,2025-05-31T00:00:00+00:00,2025-05-31T00:00:00+00:00,1,seed-batch-units-001
930223,U-0223,920014,Risa,2 PN + 2 WC,A4.37.03,available,1,2025-05-30T11:00:00+07:00,2025-05-31T00:00:00+00:00,2025-05-31T00:00:00+00:00,1,seed-batch-units-001
930224,U-0224,920014,Risa,2 PN + 2 WC,A4.37.04,available,1,2025-05-30T11:00:00+07:00,2025-05-31T00:00:00+00:00,2025-05-31T00:00:00+00:00,1,seed-batch-units-001
930225,U-0225,920018,Risa,RISA,A4.38.01,sold,1,2025-05-30T11:00:00+07:00,2025-05-31T00:00:00+00:00,2025-05-31T00:00:00+00:00,1,seed-batch-units-001
930226,U-0226,920012,Risa,1 PN,A4.38.02,available,1,2025-05-30T11:00:00+07:00,2025-05-31T00:00:00+00:00,2025-05-31T00:00:00+00:00,1,seed-batch-units-001
930227,U-0227,920014,Risa,2 PN + 2 WC,A4.38.03,sold,1,2025-05-30T11:00:00+07:00,2025-05-31T00:00:00+00:00,2025-05-31T00:00:00+00:00,1,seed-batch-units-001
930228,U-0228,920014,Risa,2 PN + 2 WC,A4.38.04,available,1,2025-05-30T11:00:00+07:00,2025-05-31T00:00:00+00:00,2025-05-31T00:00:00+00:00,1,seed-batch-units-001
930229,U-0229,920012,Risa,1 PN,A4.38.05,sold,1,2025-05-30T11:00:00+07:00,2025-05-31T00:00:00+00:00,2025-05-31T00:00:00+00:00,1,seed-batch-units-001
930230,U-0230,920014,Risa,2 PN + 2 WC,A4.38.20,sold,1,2025-05-30T11:00:00+07:00,2025-05-31T00:00:00+00:00,2025-05-31T00:00:00+00:00,1,seed-batch-units-001
930231,U-0231,920013,Risa,2 PN + 1 WC,A4.38.22,available,1,2025-05-30T11:00:00+07:00,2025-05-31T00:00:00+00:00,2025-05-31T00:00:00+00:00,1,seed-batch-units-001
930232,U-0232,920018,Risa,RISA,A4.39.01,sold,1,2025-05-30T11:00:00+07:00,2025-05-31T00:00:00+00:00,2025-05-31T00:00:00+00:00,1,seed-batch-units-001
930233,U-0233,920012,Risa,1 PN,A4.39.02,available,1,2025-05-30T11:00:00+07:00,2025-05-31T00:00:00+00:00,2025-05-31T00:00:00+00:00,1,seed-batch-units-001
930234,U-0234,920014,Risa,2 PN + 2 WC,A4.39.03,sold,1,2025-05-30T11:00:00+07:00,2025-05-31T00:00:00+00:00,2025-05-31T00:00:00+00:00,1,seed-batch-units-001
930235,U-0235,920021,Zenia,2 PN,B3.04.11,available,1,2025-05-30T11:00:00+07:00,2025-05-31T00:00:00+00:00,2025-05-31T00:00:00+00:00,1,seed-batch-units-001
930236,U-0236,920021,Zenia,2 PN,B3.04.12,available,1,2025-05-30T11:00:00+07:00,2025-05-31T00:00:00+00:00,2025-05-31T00:00:00+00:00,1,seed-batch-units-001
930237,U-0237,920021,Zenia,2 PN,B3.04.13,available,1,2025-05-30T11:00:00+07:00,2025-05-31T00:00:00+00:00,2025-05-31T00:00:00+00:00,1,seed-batch-units-001
930238,U-0238,920021,Zenia,2 PN,B3.04.14,sold,1,2025-05-30T11:00:00+07:00,2025-05-31T00:00:00+00:00,2025-05-31T00:00:00+00:00,1,seed-batch-units-001
930239,U-0239,920021,Zenia,2 PN,B3.04.15,available,1,2025-05-30T11:00:00+07:00,2025-05-31T00:00:00+00:00,2025-05-31T00:00:00+00:00,1,seed-batch-units-001
930240,U-0240,920021,Zenia,2 PN,B3.04.16,available,1,2025-05-30T11:00:00+07:00,2025-05-31T00:00:00+00:00,2025-05-31T00:00:00+00:00,1,seed-batch-units-001
930241,U-0241,920021,Zenia,2 PN,B3.04.18,available,1,2025-05-30T11:00:00+07:00,2025-05-31T00:00:00+00:00,2025-05-31T00:00:00+00:00,1,seed-batch-units-001
930242,U-0242,920020,Zenia,1 PN+,B3.04.20,sold,1,2025-05-30T11:00:00+07:00,2025-05-31T00:00:00+00:00,2025-05-31T00:00:00+00:00,1,seed-batch-units-001
930243,U-0243,920021,Zenia,2 PN,B3.05.09,sold,1,2025-05-30T11:00:00+07:00,2025-05-31T00:00:00+00:00,2025-05-31T00:00:00+00:00,1,seed-batch-units-001
930244,U-0244,920021,Zenia,2 PN,B3.05.13,sold,1,2025-05-30T11:00:00+07:00,2025-05-31T00:00:00+00:00,2025-05-31T00:00:00+00:00,1,seed-batch-units-001
930245,U-0245,920021,Zenia,2 PN,B3.06.11,available,1,2025-05-30T11:00:00+07:00,2025-05-31T00:00:00+00:00,2025-05-31T00:00:00+00:00,1,seed-batch-units-001
930246,U-0246,920021,Zenia,2 PN,B3.07.13,reserved,1,2025-05-30T11:00:00+07:00,2025-05-31T00:00:00+00:00,2025-05-31T00:00:00+00:00,1,seed-batch-units-001
930247,U-0247,920021,Zenia,2 PN,B3.07.14,sold,1,2025-05-30T11:00:00+07:00,2025-05-31T00:00:00+00:00,2025-05-31T00:00:00+00:00,1,seed-batch-units-001
930248,U-0248,920022,Zenia,3 PN,B3.07.17,available,1,2025-05-30T11:00:00+07:00,2025-05-31T00:00:00+00:00,2025-05-31T00:00:00+00:00,1,seed-batch-units-001
930249,U-0249,920021,Zenia,2 PN,B3.08.13,sold,1,2025-05-30T11:00:00+07:00,2025-05-31T00:00:00+00:00,2025-05-31T00:00:00+00:00,1,seed-batch-units-001
930250,U-0250,920022,Zenia,3 PN,B3.08.17,reserved,1,2025-05-30T11:00:00+07:00,2025-05-31T00:00:00+00:00,2025-05-31T00:00:00+00:00,1,seed-batch-units-001
930251,U-0251,920021,Zenia,2 PN,B3.09.12,available,1,2025-05-30T11:00:00+07:00,2025-05-31T00:00:00+00:00,2025-05-31T00:00:00+00:00,1,seed-batch-units-001
930252,U-0252,920021,Zenia,2 PN,B3.09.16,reserved,1,2025-05-30T11:00:00+07:00,2025-05-31T00:00:00+00:00,2025-05-31T00:00:00+00:00,1,seed-batch-units-001
930253,U-0253,920022,Zenia,3 PN,B3.11.17,available,1,2025-05-30T11:00:00+07:00,2025-05-31T00:00:00+00:00,2025-05-31T00:00:00+00:00,1,seed-batch-units-001
930254,U-0254,920021,Zenia,2 PN,B3.12.13,sold,1,2025-05-30T11:00:00+07:00,2025-05-31T00:00:00+00:00,2025-05-31T00:00:00+00:00,1,seed-batch-units-001
930255,U-0255,920022,Zenia,3 PN,B3.12.17,available,1,2025-05-30T11:00:00+07:00,2025-05-31T00:00:00+00:00,2025-05-31T00:00:00+00:00,1,seed-batch-units-001
930256,U-0256,920024,Zenia,Căn hộ sân vườn,B3.13.01,available,1,2025-05-30T11:00:00+07:00,2025-05-31T00:00:00+00:00,2025-05-31T00:00:00+00:00,1,seed-batch-units-001
930257,U-0257,920024,Zenia,Căn hộ sân vườn,B3.13.02,sold,1,2025-05-30T11:00:00+07:00,2025-05-31T00:00:00+00:00,2025-05-31T00:00:00+00:00,1,seed-batch-units-001
930258,U-0258,920021,Zenia,2 PN,B3.13.08,reserved,1,2025-05-30T11:00:00+07:00,2025-05-31T00:00:00+00:00,2025-05-31T00:00:00+00:00,1,seed-batch-units-001
930259,U-0259,920021,Zenia,2 PN,B3.13.14,available,1,2025-05-30T11:00:00+07:00,2025-05-31T00:00:00+00:00,2025-05-31T00:00:00+00:00,1,seed-batch-units-001
930260,U-0260,920022,Zenia,3 PN,B3.13.15,reserved,1,2025-05-30T11:00:00+07:00,2025-05-31T00:00:00+00:00,2025-05-31T00:00:00+00:00,1,seed-batch-units-001
930261,U-0261,920021,Zenia,2 PN,B3.14.07,sold,1,2025-05-30T11:00:00+07:00,2025-05-31T00:00:00+00:00,2025-05-31T00:00:00+00:00,1,seed-batch-units-001
930262,U-0262,920021,Zenia,2 PN,B3.14.08,reserved,1,2025-05-30T11:00:00+07:00,2025-05-31T00:00:00+00:00,2025-05-31T00:00:00+00:00,1,seed-batch-units-001
930263,U-0263,920021,Zenia,2 PN,B3.14.11,available,1,2025-05-30T11:00:00+07:00,2025-05-31T00:00:00+00:00,2025-05-31T00:00:00+00:00,1,seed-batch-units-001
930264,U-0264,920021,Zenia,2 PN,B3.14.13,available,1,2025-05-30T11:00:00+07:00,2025-05-31T00:00:00+00:00,2025-05-31T00:00:00+00:00,1,seed-batch-units-001
930265,U-0265,920021,Zenia,2 PN,B3.14.14,reserved,1,2025-05-30T11:00:00+07:00,2025-05-31T00:00:00+00:00,2025-05-31T00:00:00+00:00,1,seed-batch-units-001
930266,U-0266,920022,Zenia,3 PN,B3.14.15,available,1,2025-05-30T11:00:00+07:00,2025-05-31T00:00:00+00:00,2025-05-31T00:00:00+00:00,1,seed-batch-units-001
930267,U-0267,920021,Zenia,2 PN,B3.15.09,sold,1,2025-05-30T11:00:00+07:00,2025-05-31T00:00:00+00:00,2025-05-31T00:00:00+00:00,1,seed-batch-units-001
930268,U-0268,920021,Zenia,2 PN,B3.16.13,sold,1,2025-05-30T11:00:00+07:00,2025-05-31T00:00:00+00:00,2025-05-31T00:00:00+00:00,1,seed-batch-units-001
930269,U-0269,920022,Zenia,3 PN,B3.16.15,available,1,2025-05-30T11:00:00+07:00,2025-05-31T00:00:00+00:00,2025-05-31T00:00:00+00:00,1,seed-batch-units-001
930270,U-0270,920021,Zenia,2 PN,B3.17.13,sold,1,2025-05-30T11:00:00+07:00,2025-05-31T00:00:00+00:00,2025-05-31T00:00:00+00:00,1,seed-batch-units-001
930271,U-0271,920021,Zenia,2 PN,B3.17.14,sold,1,2025-05-30T11:00:00+07:00,2025-05-31T00:00:00+00:00,2025-05-31T00:00:00+00:00,1,seed-batch-units-001
930272,U-0272,920022,Zenia,3 PN,B3.17.17,available,1,2025-05-30T11:00:00+07:00,2025-05-31T00:00:00+00:00,2025-05-31T00:00:00+00:00,1,seed-batch-units-001
930273,U-0273,920023,Zenia,Căn hộ Loft,B3.19.01,sold,1,2025-05-30T11:00:00+07:00,2025-05-31T00:00:00+00:00,2025-05-31T00:00:00+00:00,1,seed-batch-units-001
930274,U-0274,920023,Zenia,Căn hộ Loft,B3.19.02,sold,1,2025-05-30T11:00:00+07:00,2025-05-31T00:00:00+00:00,2025-05-31T00:00:00+00:00,1,seed-batch-units-001
930275,U-0275,920023,Zenia,Căn hộ Loft,B3.19.09,available,1,2025-05-30T11:00:00+07:00,2025-05-31T00:00:00+00:00,2025-05-31T00:00:00+00:00,1,seed-batch-units-001
930276,U-0276,920023,Zenia,Căn hộ Loft,B3.19.12,sold,1,2025-05-30T11:00:00+07:00,2025-05-31T00:00:00+00:00,2025-05-31T00:00:00+00:00,1,seed-batch-units-001
930277,U-0277,920023,Zenia,Căn hộ Loft,B3.19.13,available,1,2025-05-30T11:00:00+07:00,2025-05-31T00:00:00+00:00,2025-05-31T00:00:00+00:00,1,seed-batch-units-001
930278,U-0278,920023,Zenia,Căn hộ Loft,B3.19.15,available,1,2025-05-30T11:00:00+07:00,2025-05-31T00:00:00+00:00,2025-05-31T00:00:00+00:00,1,seed-batch-units-001
930279,U-0279,920023,Zenia,Căn hộ Loft,B3.19.16,available,1,2025-05-30T11:00:00+07:00,2025-05-31T00:00:00+00:00,2025-05-31T00:00:00+00:00,1,seed-batch-units-001
930280,U-0280,920022,Zenia,3 PN,B3.21.17,sold,1,2025-05-30T11:00:00+07:00,2025-05-31T00:00:00+00:00,2025-05-31T00:00:00+00:00,1,seed-batch-units-001
930281,U-0281,920021,Zenia,2 PN,B3.22.14,reserved,1,2025-05-30T11:00:00+07:00,2025-05-31T00:00:00+00:00,2025-05-31T00:00:00+00:00,1,seed-batch-units-001
930282,U-0282,920022,Zenia,3 PN,B3.22.17,sold,1,2025-05-30T11:00:00+07:00,2025-05-31T00:00:00+00:00,2025-05-31T00:00:00+00:00,1,seed-batch-units-001
930283,U-0283,920021,Zenia,2 PN,B3.24.13,sold,1,2025-05-30T11:00:00+07:00,2025-05-31T00:00:00+00:00,2025-05-31T00:00:00+00:00,1,seed-batch-units-001
930284,U-0284,920022,Zenia,3 PN,B3.25.17,available,1,2025-05-30T11:00:00+07:00,2025-05-31T00:00:00+00:00,2025-05-31T00:00:00+00:00,1,seed-batch-units-001
930285,U-0285,920021,Zenia,2 PN,B3.26.13,available,1,2025-05-30T11:00:00+07:00,2025-05-31T00:00:00+00:00,2025-05-31T00:00:00+00:00,1,seed-batch-units-001
930286,U-0286,920024,Zenia,Căn hộ sân vườn,B3.27.01,available,1,2025-05-30T11:00:00+07:00,2025-05-31T00:00:00+00:00,2025-05-31T00:00:00+00:00,1,seed-batch-units-001
930287,U-0287,920024,Zenia,Căn hộ sân vườn,B3.27.02,available,1,2025-05-30T11:00:00+07:00,2025-05-31T00:00:00+00:00,2025-05-31T00:00:00+00:00,1,seed-batch-units-001
930288,U-0288,920021,Zenia,2 PN,B3.27.14,sold,1,2025-05-30T11:00:00+07:00,2025-05-31T00:00:00+00:00,2025-05-31T00:00:00+00:00,1,seed-batch-units-001
930289,U-0289,920022,Zenia,3 PN,B3.27.15,available,1,2025-05-30T11:00:00+07:00,2025-05-31T00:00:00+00:00,2025-05-31T00:00:00+00:00,1,seed-batch-units-001
930290,U-0290,920021,Zenia,2 PN,B3.28.07,sold,1,2025-05-30T11:00:00+07:00,2025-05-31T00:00:00+00:00,2025-05-31T00:00:00+00:00,1,seed-batch-units-001
930291,U-0291,920021,Zenia,2 PN,B3.28.11,sold,1,2025-05-30T11:00:00+07:00,2025-05-31T00:00:00+00:00,2025-05-31T00:00:00+00:00,1,seed-batch-units-001
930292,U-0292,920021,Zenia,2 PN,B3.28.12,available,1,2025-05-30T11:00:00+07:00,2025-05-31T00:00:00+00:00,2025-05-31T00:00:00+00:00,1,seed-batch-units-001
930293,U-0293,920021,Zenia,2 PN,B3.29.13,available,1,2025-05-30T11:00:00+07:00,2025-05-31T00:00:00+00:00,2025-05-31T00:00:00+00:00,1,seed-batch-units-001
930294,U-0294,920021,Zenia,2 PN,B3.30.07,sold,1,2025-05-30T11:00:00+07:00,2025-05-31T00:00:00+00:00,2025-05-31T00:00:00+00:00,1,seed-batch-units-001
930295,U-0295,920021,Zenia,2 PN,B3.30.11,reserved,1,2025-05-30T11:00:00+07:00,2025-05-31T00:00:00+00:00,2025-05-31T00:00:00+00:00,1,seed-batch-units-001
930296,U-0296,920021,Zenia,2 PN,B3.30.13,sold,1,2025-05-30T11:00:00+07:00,2025-05-31T00:00:00+00:00,2025-05-31T00:00:00+00:00,1,seed-batch-units-001
930297,U-0297,920022,Zenia,3 PN,B3.30.15,available,1,2025-05-30T11:00:00+07:00,2025-05-31T00:00:00+00:00,2025-05-31T00:00:00+00:00,1,seed-batch-units-001
930298,U-0298,920022,Zenia,3 PN,B3.31.17,available,1,2025-05-30T11:00:00+07:00,2025-05-31T00:00:00+00:00,2025-05-31T00:00:00+00:00,1,seed-batch-units-001
930299,U-0299,920021,Zenia,2 PN,B3.32.15,available,1,2025-05-30T11:00:00+07:00,2025-05-31T00:00:00+00:00,2025-05-31T00:00:00+00:00,1,seed-batch-units-001
930300,U-0300,920021,Zenia,2 PN,B3.33.12,available,1,2025-05-30T11:00:00+07:00,2025-05-31T00:00:00+00:00,2025-05-31T00:00:00+00:00,1,seed-batch-units-001
930301,U-0301,920021,Zenia,2 PN,B3.33.13,reserved,1,2025-05-30T11:00:00+07:00,2025-05-31T00:00:00+00:00,2025-05-31T00:00:00+00:00,1,seed-batch-units-001
930302,U-0302,920021,Zenia,2 PN,B3.33.14,reserved,1,2025-05-30T11:00:00+07:00,2025-05-31T00:00:00+00:00,2025-05-31T00:00:00+00:00,1,seed-batch-units-001
930303,U-0303,920022,Zenia,3 PN,B3.33.17,available,1,2025-05-30T11:00:00+07:00,2025-05-31T00:00:00+00:00,2025-05-31T00:00:00+00:00,1,seed-batch-units-001
930304,U-0304,920020,Zenia,1 PN+,B3.34.01,available,1,2025-05-30T11:00:00+07:00,2025-05-31T00:00:00+00:00,2025-05-31T00:00:00+00:00,1,seed-batch-units-001
930305,U-0305,920021,Zenia,2 PN,B3.34.09,sold,1,2025-05-30T11:00:00+07:00,2025-05-31T00:00:00+00:00,2025-05-31T00:00:00+00:00,1,seed-batch-units-001
930306,U-0306,920021,Zenia,2 PN,B3.34.11,reserved,1,2025-05-30T11:00:00+07:00,2025-05-31T00:00:00+00:00,2025-05-31T00:00:00+00:00,1,seed-batch-units-001
930307,U-0307,920021,Zenia,2 PN,B3.35.12,available,1,2025-05-30T11:00:00+07:00,2025-05-31T00:00:00+00:00,2025-05-31T00:00:00+00:00,1,seed-batch-units-001
930308,U-0308,920021,Zenia,2 PN,B3.35.13,sold,1,2025-05-30T11:00:00+07:00,2025-05-31T00:00:00+00:00,2025-05-31T00:00:00+00:00,1,seed-batch-units-001
930309,U-0309,920021,Zenia,2 PN,B3.35.14,sold,1,2025-05-30T11:00:00+07:00,2025-05-31T00:00:00+00:00,2025-05-31T00:00:00+00:00,1,seed-batch-units-001
930310,U-0310,920021,Zenia,2 PN,B3.35.15,sold,1,2025-05-30T11:00:00+07:00,2025-05-31T00:00:00+00:00,2025-05-31T00:00:00+00:00,1,seed-batch-units-001
930311,U-0311,920021,Zenia,2 PN,B3.35.16,sold,1,2025-05-30T11:00:00+07:00,2025-05-31T00:00:00+00:00,2025-05-31T00:00:00+00:00,1,seed-batch-units-001
930312,U-0312,920020,Zenia,1 PN+,B3.36.01,sold,1,2025-05-30T11:00:00+07:00,2025-05-31T00:00:00+00:00,2025-05-31T00:00:00+00:00,1,seed-batch-units-001
930313,U-0313,920021,Zenia,2 PN,B3.36.12,available,1,2025-05-30T11:00:00+07:00,2025-05-31T00:00:00+00:00,2025-05-31T00:00:00+00:00,1,seed-batch-units-001
930314,U-0314,920022,Zenia,3 PN,B3.36.17,reserved,1,2025-05-30T11:00:00+07:00,2025-05-31T00:00:00+00:00,2025-05-31T00:00:00+00:00,1,seed-batch-units-001
930315,U-0315,920020,Zenia,1 PN+,B3.37.01,reserved,1,2025-05-30T11:00:00+07:00,2025-05-31T00:00:00+00:00,2025-05-31T00:00:00+00:00,1,seed-batch-units-001
930316,U-0316,920021,Zenia,2 PN,B3.37.13,available,1,2025-05-30T11:00:00+07:00,2025-05-31T00:00:00+00:00,2025-05-31T00:00:00+00:00,1,seed-batch-units-001
930317,U-0317,920021,Zenia,2 PN,B3.37.14,available,1,2025-05-30T11:00:00+07:00,2025-05-31T00:00:00+00:00,2025-05-31T00:00:00+00:00,1,seed-batch-units-001
930318,U-0318,920021,Zenia,2 PN,B3.37.15,available,1,2025-05-30T11:00:00+07:00,2025-05-31T00:00:00+00:00,2025-05-31T00:00:00+00:00,1,seed-batch-units-001
930319,U-0319,920022,Zenia,3 PN,B3.37.17,available,1,2025-05-30T11:00:00+07:00,2025-05-31T00:00:00+00:00,2025-05-31T00:00:00+00:00,1,seed-batch-units-001
930320,U-0320,920021,Zenia,2 PN,B3.38.09,available,1,2025-05-30T11:00:00+07:00,2025-05-31T00:00:00+00:00,2025-05-31T00:00:00+00:00,1,seed-batch-units-001
930321,U-0321,920021,Zenia,2 PN,B3.39.02,sold,1,2025-05-30T11:00:00+07:00,2025-05-31T00:00:00+00:00,2025-05-31T00:00:00+00:00,1,seed-batch-units-001
930322,U-0322,920021,Zenia,2 PN,B3.39.11,sold,1,2025-05-30T11:00:00+07:00,2025-05-31T00:00:00+00:00,2025-05-31T00:00:00+00:00,1,seed-batch-units-001
930323,U-0323,920021,Zenia,2 PN,B3.39.13,sold,1,2025-05-30T11:00:00+07:00,2025-05-31T00:00:00+00:00,2025-05-31T00:00:00+00:00,1,seed-batch-units-001
930324,U-0324,920021,Zenia,2 PN,B3.39.14,sold,1,2025-05-30T11:00:00+07:00,2025-05-31T00:00:00+00:00,2025-05-31T00:00:00+00:00,1,seed-batch-units-001
930325,U-0325,920021,Zenia,2 PN,B3.39.15,available,1,2025-05-30T11:00:00+07:00,2025-05-31T00:00:00+00:00,2025-05-31T00:00:00+00:00,1,seed-batch-units-001
930326,U-0326,920021,Zenia,2 PN,B3.39.16,reserved,1,2025-05-30T11:00:00+07:00,2025-05-31T00:00:00+00:00,2025-05-31T00:00:00+00:00,1,seed-batch-units-001
930327,U-0327,920021,Zenia,2 PN,B4.04.03,sold,1,2025-05-30T11:00:00+07:00,2025-05-31T00:00:00+00:00,2025-05-31T00:00:00+00:00,1,seed-batch-units-001
930328,U-0328,920022,Zenia,3 PN,B4.04.08,reserved,1,2025-05-30T11:00:00+07:00,2025-05-31T00:00:00+00:00,2025-05-31T00:00:00+00:00,1,seed-batch-units-001
930329,U-0329,920021,Zenia,2 PN,B4.04.09,available,1,2025-05-30T11:00:00+07:00,2025-05-31T00:00:00+00:00,2025-05-31T00:00:00+00:00,1,seed-batch-units-001
930330,U-0330,920021,Zenia,2 PN,B4.04.17,available,1,2025-05-30T11:00:00+07:00,2025-05-31T00:00:00+00:00,2025-05-31T00:00:00+00:00,1,seed-batch-units-001
930331,U-0331,920020,Zenia,1 PN+,B4.04.19,available,1,2025-05-30T11:00:00+07:00,2025-05-31T00:00:00+00:00,2025-05-31T00:00:00+00:00,1,seed-batch-units-001
930332,U-0332,920021,Zenia,2 PN,B4.05.03,available,1,2025-05-30T11:00:00+07:00,2025-05-31T00:00:00+00:00,2025-05-31T00:00:00+00:00,1,seed-batch-units-001
930333,U-0333,920021,Zenia,2 PN,B4.05.04,available,1,2025-05-30T11:00:00+07:00,2025-05-31T00:00:00+00:00,2025-05-31T00:00:00+00:00,1,seed-batch-units-001
930334,U-0334,920022,Zenia,3 PN,B4.05.08,available,1,2025-05-30T11:00:00+07:00,2025-05-31T00:00:00+00:00,2025-05-31T00:00:00+00:00,1,seed-batch-units-001
930335,U-0335,920021,Zenia,2 PN,B4.05.09,sold,1,2025-05-30T11:00:00+07:00,2025-05-31T00:00:00+00:00,2025-05-31T00:00:00+00:00,1,seed-batch-units-001
930336,U-0336,920020,Zenia,1 PN+,B4.05.19,available,1,2025-05-30T11:00:00+07:00,2025-05-31T00:00:00+00:00,2025-05-31T00:00:00+00:00,1,seed-batch-units-001
930337,U-0337,920020,Zenia,1 PN+,B4.05.20,available,1,2025-05-30T11:00:00+07:00,2025-05-31T00:00:00+00:00,2025-05-31T00:00:00+00:00,1,seed-batch-units-001
930338,U-0338,920021,Zenia,2 PN,B4.06.03,available,1,2025-05-30T11:00:00+07:00,2025-05-31T00:00:00+00:00,2025-05-31T00:00:00+00:00,1,seed-batch-units-001
930339,U-0339,920022,Zenia,3 PN,B4.06.08,available,1,2025-05-30T11:00:00+07:00,2025-05-31T00:00:00+00:00,2025-05-31T00:00:00+00:00,1,seed-batch-units-001
930340,U-0340,920020,Zenia,1 PN+,B4.06.19,sold,1,2025-05-30T11:00:00+07:00,2025-05-31T00:00:00+00:00,2025-05-31T00:00:00+00:00,1,seed-batch-units-001
930341,U-0341,920021,Zenia,2 PN,B4.07.03,sold,1,2025-05-30T11:00:00+07:00,2025-05-31T00:00:00+00:00,2025-05-31T00:00:00+00:00,1,seed-batch-units-001
930342,U-0342,920020,Zenia,1 PN+,B4.07.20,reserved,1,2025-05-30T11:00:00+07:00,2025-05-31T00:00:00+00:00,2025-05-31T00:00:00+00:00,1,seed-batch-units-001
930343,U-0343,920020,Zenia,1 PN+,B4.08.19,available,1,2025-05-30T11:00:00+07:00,2025-05-31T00:00:00+00:00,2025-05-31T00:00:00+00:00,1,seed-batch-units-001
930344,U-0344,920020,Zenia,1 PN+,B4.08.20,available,1,2025-05-30T11:00:00+07:00,2025-05-31T00:00:00+00:00,2025-05-31T00:00:00+00:00,1,seed-batch-units-001
930345,U-0345,920020,Zenia,1 PN+,B4.09.19,available,1,2025-05-30T11:00:00+07:00,2025-05-31T00:00:00+00:00,2025-05-31T00:00:00+00:00,1,seed-batch-units-001
930346,U-0346,920022,Zenia,3 PN,B4.10.08,available,1,2025-05-30T11:00:00+07:00,2025-05-31T00:00:00+00:00,2025-05-31T00:00:00+00:00,1,seed-batch-units-001
930347,U-0347,920021,Zenia,2 PN,B4.13.03,available,1,2025-05-30T11:00:00+07:00,2025-05-31T00:00:00+00:00,2025-05-31T00:00:00+00:00,1,seed-batch-units-001
930348,U-0348,920021,Zenia,2 PN,B4.13.04,available,1,2025-05-30T11:00:00+07:00,2025-05-31T00:00:00+00:00,2025-05-31T00:00:00+00:00,1,seed-batch-units-001
930349,U-0349,920021,Zenia,2 PN,B4.13.09,available,1,2025-05-30T11:00:00+07:00,2025-05-31T00:00:00+00:00,2025-05-31T00:00:00+00:00,1,seed-batch-units-001
930350,U-0350,920020,Zenia,1 PN+,B4.13.19,available,1,2025-05-30T11:00:00+07:00,2025-05-31T00:00:00+00:00,2025-05-31T00:00:00+00:00,1,seed-batch-units-001
930351,U-0351,920020,Zenia,1 PN+,B4.14.19,available,1,2025-05-30T11:00:00+07:00,2025-05-31T00:00:00+00:00,2025-05-31T00:00:00+00:00,1,seed-batch-units-001
930352,U-0352,920022,Zenia,3 PN,B4.17.08,available,1,2025-05-30T11:00:00+07:00,2025-05-31T00:00:00+00:00,2025-05-31T00:00:00+00:00,1,seed-batch-units-001
930353,U-0353,920023,Zenia,Căn hộ Loft,B4.19.04,available,1,2025-05-30T11:00:00+07:00,2025-05-31T00:00:00+00:00,2025-05-31T00:00:00+00:00,1,seed-batch-units-001
930354,U-0354,920023,Zenia,Căn hộ Loft,B4.19.08,available,1,2025-05-30T11:00:00+07:00,2025-05-31T00:00:00+00:00,2025-05-31T00:00:00+00:00,1,seed-batch-units-001
930355,U-0355,920023,Zenia,Căn hộ Loft,B4.19.09,sold,1,2025-05-30T11:00:00+07:00,2025-05-31T00:00:00+00:00,2025-05-31T00:00:00+00:00,1,seed-batch-units-001
930356,U-0356,920023,Zenia,Căn hộ Loft,B4.19.21,sold,1,2025-05-30T11:00:00+07:00,2025-05-31T00:00:00+00:00,2025-05-31T00:00:00+00:00,1,seed-batch-units-001
930357,U-0357,920020,Zenia,1 PN+,B4.21.19,sold,1,2025-05-30T11:00:00+07:00,2025-05-31T00:00:00+00:00,2025-05-31T00:00:00+00:00,1,seed-batch-units-001
930358,U-0358,920020,Zenia,1 PN+,B4.22.19,sold,1,2025-05-30T11:00:00+07:00,2025-05-31T00:00:00+00:00,2025-05-31T00:00:00+00:00,1,seed-batch-units-001
930359,U-0359,920021,Zenia,2 PN,B4.23.03,available,1,2025-05-30T11:00:00+07:00,2025-05-31T00:00:00+00:00,2025-05-31T00:00:00+00:00,1,seed-batch-units-001
930360,U-0360,920020,Zenia,1 PN+,B4.23.20,sold,1,2025-05-30T11:00:00+07:00,2025-05-31T00:00:00+00:00,2025-05-31T00:00:00+00:00,1,seed-batch-units-001
930361,U-0361,920021,Zenia,2 PN,B4.24.03,available,1,2025-05-30T11:00:00+07:00,2025-05-31T00:00:00+00:00,2025-05-31T00:00:00+00:00,1,seed-batch-units-001
930362,U-0362,920020,Zenia,1 PN+,B4.26.19,available,1,2025-05-30T11:00:00+07:00,2025-05-31T00:00:00+00:00,2025-05-31T00:00:00+00:00,1,seed-batch-units-001
930363,U-0363,920020,Zenia,1 PN+,B4.27.20,available,1,2025-05-30T11:00:00+07:00,2025-05-31T00:00:00+00:00,2025-05-31T00:00:00+00:00,1,seed-batch-units-001
930364,U-0364,920021,Zenia,2 PN,B4.28.03,reserved,1,2025-05-30T11:00:00+07:00,2025-05-31T00:00:00+00:00,2025-05-31T00:00:00+00:00,1,seed-batch-units-001
930365,U-0365,920021,Zenia,2 PN,B4.28.04,available,1,2025-05-30T11:00:00+07:00,2025-05-31T00:00:00+00:00,2025-05-31T00:00:00+00:00,1,seed-batch-units-001
930366,U-0366,920022,Zenia,3 PN,B4.29.08,available,1,2025-05-30T11:00:00+07:00,2025-05-31T00:00:00+00:00,2025-05-31T00:00:00+00:00,1,seed-batch-units-001
930367,U-0367,920020,Zenia,1 PN+,B4.29.19,available,1,2025-05-30T11:00:00+07:00,2025-05-31T00:00:00+00:00,2025-05-31T00:00:00+00:00,1,seed-batch-units-001
930368,U-0368,920022,Zenia,3 PN,B4.30.08,available,1,2025-05-30T11:00:00+07:00,2025-05-31T00:00:00+00:00,2025-05-31T00:00:00+00:00,1,seed-batch-units-001
930369,U-0369,920020,Zenia,1 PN+,B4.31.19,available,1,2025-05-30T11:00:00+07:00,2025-05-31T00:00:00+00:00,2025-05-31T00:00:00+00:00,1,seed-batch-units-001
930370,U-0370,920022,Zenia,3 PN,B4.32.08,available,1,2025-05-30T11:00:00+07:00,2025-05-31T00:00:00+00:00,2025-05-31T00:00:00+00:00,1,seed-batch-units-001
930371,U-0371,920021,Zenia,2 PN,B4.33.03,sold,1,2025-05-30T11:00:00+07:00,2025-05-31T00:00:00+00:00,2025-05-31T00:00:00+00:00,1,seed-batch-units-001
930372,U-0372,920021,Zenia,2 PN,B4.33.04,sold,1,2025-05-30T11:00:00+07:00,2025-05-31T00:00:00+00:00,2025-05-31T00:00:00+00:00,1,seed-batch-units-001
930373,U-0373,920020,Zenia,1 PN+,B4.33.20,available,1,2025-05-30T11:00:00+07:00,2025-05-31T00:00:00+00:00,2025-05-31T00:00:00+00:00,1,seed-batch-units-001
930374,U-0374,920021,Zenia,2 PN,B4.34.04,reserved,1,2025-05-30T11:00:00+07:00,2025-05-31T00:00:00+00:00,2025-05-31T00:00:00+00:00,1,seed-batch-units-001
930375,U-0375,920022,Zenia,3 PN,B4.34.08,sold,1,2025-05-30T11:00:00+07:00,2025-05-31T00:00:00+00:00,2025-05-31T00:00:00+00:00,1,seed-batch-units-001
930376,U-0376,920020,Zenia,1 PN+,B4.34.19,available,1,2025-05-30T11:00:00+07:00,2025-05-31T00:00:00+00:00,2025-05-31T00:00:00+00:00,1,seed-batch-units-001
930377,U-0377,920020,Zenia,1 PN+,B4.34.20,available,1,2025-05-30T11:00:00+07:00,2025-05-31T00:00:00+00:00,2025-05-31T00:00:00+00:00,1,seed-batch-units-001
930378,U-0378,920020,Zenia,1 PN+,B4.35.19,sold,1,2025-05-30T11:00:00+07:00,2025-05-31T00:00:00+00:00,2025-05-31T00:00:00+00:00,1,seed-batch-units-001
930379,U-0379,920022,Zenia,3 PN,B4.36.08,available,1,2025-05-30T11:00:00+07:00,2025-05-31T00:00:00+00:00,2025-05-31T00:00:00+00:00,1,seed-batch-units-001
930380,U-0380,920020,Zenia,1 PN+,B4.36.19,available,1,2025-05-30T11:00:00+07:00,2025-05-31T00:00:00+00:00,2025-05-31T00:00:00+00:00,1,seed-batch-units-001
930381,U-0381,920021,Zenia,2 PN,B4.37.03,sold,1,2025-05-30T11:00:00+07:00,2025-05-31T00:00:00+00:00,2025-05-31T00:00:00+00:00,1,seed-batch-units-001
930382,U-0382,920021,Zenia,2 PN,B4.37.04,available,1,2025-05-30T11:00:00+07:00,2025-05-31T00:00:00+00:00,2025-05-31T00:00:00+00:00,1,seed-batch-units-001
930383,U-0383,920022,Zenia,3 PN,B4.37.08,sold,1,2025-05-30T11:00:00+07:00,2025-05-31T00:00:00+00:00,2025-05-31T00:00:00+00:00,1,seed-batch-units-001
930384,U-0384,920020,Zenia,1 PN+,B4.37.19,available,1,2025-05-30T11:00:00+07:00,2025-05-31T00:00:00+00:00,2025-05-31T00:00:00+00:00,1,seed-batch-units-001
930385,U-0385,920020,Zenia,1 PN+,B4.37.20,available,1,2025-05-30T11:00:00+07:00,2025-05-31T00:00:00+00:00,2025-05-31T00:00:00+00:00,1,seed-batch-units-001
930386,U-0386,920020,Zenia,1 PN+,B4.38.06,available,1,2025-05-30T11:00:00+07:00,2025-05-31T00:00:00+00:00,2025-05-31T00:00:00+00:00,1,seed-batch-units-001
930387,U-0387,920022,Zenia,3 PN,B4.38.08,available,1,2025-05-30T11:00:00+07:00,2025-05-31T00:00:00+00:00,2025-05-31T00:00:00+00:00,1,seed-batch-units-001
930388,U-0388,920020,Zenia,1 PN+,B4.38.19,reserved,1,2025-05-30T11:00:00+07:00,2025-05-31T00:00:00+00:00,2025-05-31T00:00:00+00:00,1,seed-batch-units-001
930389,U-0389,920021,Zenia,2 PN,B4.39.03,available,1,2025-05-30T11:00:00+07:00,2025-05-31T00:00:00+00:00,2025-05-31T00:00:00+00:00,1,seed-batch-units-001
930390,U-0390,920021,Zenia,2 PN,B4.39.04,sold,1,2025-05-30T11:00:00+07:00,2025-05-31T00:00:00+00:00,2025-05-31T00:00:00+00:00,1,seed-batch-units-001
930391,U-0391,920019,Zenia,1 PN,B4.39.05,available,1,2025-05-30T11:00:00+07:00,2025-05-31T00:00:00+00:00,2025-05-31T00:00:00+00:00,1,seed-batch-units-001
930392,U-0392,920020,Zenia,1 PN+,B4.39.20,sold,1,2025-05-30T11:00:00+07:00,2025-05-31T00:00:00+00:00,2025-05-31T00:00:00+00:00,1,seed-batch-units-001
