unit_id,unit_external_id,subdivision,subdivision_raw,tower,floor,unit_number,unit_code,unit_type_raw,unit_type_normalized,bedrooms,bathrooms,gross_area_sqm,net_area_sqm,standard_price_vnd,loan_price_vnd,stacking_price_million_vnd,agency_name,price_per_sqm_gross_vnd,price_per_sqm_net_vnd,area_efficiency_ratio,loan_premium_pct,floor_band,direction,balcony_direction,view,corner_unit_proxy,physical_features_origin,agency_name_origin,data_profile
930001,U-0001,Lusso Saigon,LUSSO,A1,6,5,A1.06.05,2 PN,2PN,2,2,62.32,56.18,3057395419,3357020170,3057,VNL,53867461,59754720,0.9015,9.8,low,Đông,Nam,Hồ bơi,False,synthetic_v1_tower_stack_floor_band,synthetic,demo
930002,U-0002,Lusso Saigon,LUSSO,A1,6,15,A1.06.15,3 PN,3PN,3,2,82.85,73.64,4894562022,5374229100,4895,VNL,64866978,72979754,0.8888,9.8,low,Nam,Tây,Nội khu,True,synthetic_v1_tower_stack_floor_band,synthetic,demo
930003,U-0003,Lusso Saigon,LUSSO,A1,7,3,A1.07.03,2 PN,2PN,2,2,62.86,56.09,2996732576,3290412368,2997,VNL,52345090,58663084,0.8923,9.8,low,Đông Nam,Tây Nam,Cảnh quan nội khu,False,synthetic_v1_tower_stack_floor_band,synthetic,demo
930004,U-0004,Lusso Saigon,LUSSO,A1,7,14,A1.07.14,2 PN,2PN,2,2,62.86,56.09,2893179773,3176711391,2893,VNL,50536293,56635967,0.8923,9.8,low,Bắc,Đông,Cảnh quan nội khu,False,synthetic_v1_tower_stack_floor_band,synthetic,demo
930005,U-0005,Lusso Saigon,LUSSO,A1,9,3,A1.09.03,2 PN,2PN,2,2,62.86,56.09,2978973270,3270912651,2979,Cas,52034881,58315433,0.8923,9.8,low,Đông Nam,Tây Nam,Cảnh quan nội khu,False,synthetic_v1_tower_stack_floor_band,observed,demo
930006,U-0006,Lusso Saigon,LUSSO,A1,11,5,A1.11.05,2 PN,2PN,2,2,62.19,56.37,3007239668,3301949156,3007,VNL,53094535,58576355,0.9064,9.8,low,Đông,Nam,Hồ bơi,False,synthetic_v1_tower_stack_floor_band,synthetic,demo
930007,U-0007,Lusso Saigon,LUSSO,A1,13,2,A1.13.02,3 PN,3PN,3,2,76.31,67.51,4611556229,5063488739,4612,VNL,66354197,75003536,0.8847,9.8,mid,Nam,Tây,Thành phố,True,synthetic_v1_tower_stack_floor_band,synthetic,demo
930008,U-0008,Lusso Saigon,LUSSO,A1,13,5,A1.13.05,2 PN,2PN,2,2,62.19,56.37,2989669652,3282657278,2990,VNL,52784327,58234119,0.9064,9.8,mid,Đông,Nam,Toàn cảnh,False,synthetic_v1_tower_stack_floor_band,synthetic,demo
930009,U-0009,Lusso Saigon,LUSSO,A1,13,6,A1.13.06,2 PN,2PN,2,2,62.05,56.5,2983098092,3275441705,2983,VNL,52787135,57972420,0.9106,9.8,mid,Tây,Bắc,Sông,False,synthetic_v1_tower_stack_floor_band,synthetic,demo
930010,U-0010,Lusso Saigon,LUSSO,A1,13,13,A1.13.13,2 PN,2PN,2,2,63.15,55.79,2878685974,3160797200,2879,VNL,50052212,56655264,0.8835,9.8,mid,Tây,Bắc,Cảnh quan nội khu,False,synthetic_v1_tower_stack_floor_band,synthetic,demo
930011,U-0011,Lusso Saigon,LUSSO,A1,13,15,A1.13.15,3 PN,3PN,3,2,82.93,74.31,4989688737,5478678233,4990,VNL,66063888,73727335,0.8961,9.8,mid,Nam,Tây,Nội khu,True,synthetic_v1_tower_stack_floor_band,synthetic,demo
930012,U-0012,Lusso Saigon,LUSSO,A1,17,2,A1.17.02,3 PN,3PN,3,2,76.31,67.51,4659218373,5115821774,4659,VNL,67039992,75778726,0.8847,9.8,mid,Nam,Tây,Thành phố,True,synthetic_v1_tower_stack_floor_band,synthetic,demo
930013,U-0013,Lusso Saigon,LUSSO,A1,19,5,A1.19.05,Căn hộ Loft,Loft,2,2,62.19,56.37,3535793361,3882301110,3536,VNL,62426453,68871760,0.9064,9.8,mid,Đông,Nam,Toàn cảnh,False,synthetic_v1_tower_stack_floor_band,synthetic,demo
930014,U-0014,Lusso Saigon,LUSSO,A1,19,10,A1.19.10,Căn hộ Loft,Loft,2,2,67.79,60.15,4166553799,4574876072,4167,VNL,67486002,76057790,0.8873,9.8,mid,Đông,Nam,Thành phố,False,synthetic_v1_tower_stack_floor_band,synthetic,demo
930015,U-0015,Lusso Saigon,LUSSO,A1,22,5,A1.22.05,2 PN,2PN,2,2,61.98,56.56,2901014223,3185313616,2901,Cas,51392604,56317426,0.9126,9.8,mid,Đông,Nam,Toàn cảnh,False,synthetic_v1_tower_stack_floor_band,observed,demo
930016,U-0016,Lusso Saigon,LUSSO,A1,23,2,A1.23.02,3 PN,3PN,3,2,76.39,68.12,4735406084,5199475880,4735,VNL,68064876,76328184,0.8917,9.8,mid,Nam,Tây,Thành phố,True,synthetic_v1_tower_stack_floor_band,synthetic,demo
930017,U-0017,Lusso Saigon,LUSSO,A1,25,15,A1.25.15,3 PN,3PN,3,2,83.01,74.82,5149798922,5654479216,5150,VNL,68118049,75574435,0.9013,9.8,mid,Nam,Tây,Nội khu,True,synthetic_v1_tower_stack_floor_band,synthetic,demo
930018,U-0018,Lusso Saigon,LUSSO,A1,28,15,A1.28.15,3 PN,3PN,3,2,83.01,74.82,5188684074,5697175113,5189,VNL,68632395,76145083,0.9013,9.8,high,Nam,Tây,Thành phố,True,synthetic_v1_tower_stack_floor_band,synthetic,demo
930019,U-0019,Lusso Saigon,LUSSO,A1,29,5,A1.29.05,2 PN,2PN,2,2,61.98,56.56,2839726820,3118020048,2840,AKH,50306874,55127653,0.9126,9.8,high,Đông,Nam,Toàn cảnh,False,synthetic_v1_tower_stack_floor_band,observed,demo
930020,U-0020,Lusso Saigon,LUSSO,A1,32,14,A1.32.14,2 PN,2PN,2,2,62.86,57.1,2671188454,2932964922,2671,VSH,46658685,51365410,0.9084,9.8,high,Bắc,Đông,Hồ bơi,False,synthetic_v1_tower_stack_floor_band,observed,demo
930021,U-0021,Lusso Saigon,LUSSO,A1,34,2,A1.34.02,3 PN,3PN,3,2,76.39,68.56,4866614389,5343542600,4867,VNL,69950813,77939653,0.8975,9.8,high,Nam,Tây,Thành phố,True,synthetic_v1_tower_stack_floor_band,synthetic,demo
930022,U-0022,Lusso Saigon,LUSSO,A1,35,15,A1.35.15,3 PN,3PN,3,2,83.01,75.24,5279416095,5796798872,5279,VNL,69832537,77044110,0.9064,9.8,high,Nam,Tây,Thành phố,True,synthetic_v1_tower_stack_floor_band,synthetic,demo
930023,U-0023,Lusso Saigon,LUSSO,A1,37,5,A1.37.05,2 PN,2PN,2,2,61.92,56.8,2767071106,3038244074,2767,HBL,49067249,53490213,0.9173,9.8,high,Đông,Nam,Toàn cảnh,False,synthetic_v1_tower_stack_floor_band,observed,demo
930024,U-0024,Lusso Saigon,LUSSO,A2,5,2,A2.05.02,3 PN,3PN,3,2,82.85,73.64,4889514574,5368687002,4890,AKH,64800085,72904495,0.8888,9.8,low,Nam,Tây,Hồ bơi,True,synthetic_v1_tower_stack_floor_band,synthetic,demo
930025,U-0025,Lusso Saigon,LUSSO,A2,5,11,A2.05.11,1 PN+,1PN+,1,1,56.85,51.66,2982907435,3275232364,2983,AKH,57611827,63399775,0.9087,9.8,low,Đông Bắc,Đông Nam,Cảnh quan nội khu,False,synthetic_v1_tower_stack_floor_band,synthetic,demo
930026,U-0026,Lusso Saigon,LUSSO,A2,5,12,A2.05.12,2 PN,2PN,2,2,66.45,59.61,3419980863,3755138988,3420,AKH,56510745,62995118,0.8971,9.8,low,Nam,Tây,Nội khu,False,synthetic_v1_tower_stack_floor_band,synthetic,demo
930027,U-0027,Lusso Saigon,LUSSO,A2,5,13,A2.05.13,2 PN,2PN,2,2,66.45,59.61,3365247458,3695041709,3365,AKH,55606346,61986944,0.8971,9.8,low,Bắc,Đông,Nội khu,False,synthetic_v1_tower_stack_floor_band,synthetic,demo
930028,U-0028,Lusso Saigon,LUSSO,A2,5,14,A2.05.14,2 PN,2PN,2,2,67.04,59.77,3394501146,3727162258,3395,AKH,55596096,62358412,0.8916,9.8,low,Tây Nam,Tây Bắc,Hồ bơi,False,synthetic_v1_tower_stack_floor_band,synthetic,demo
930029,U-0029,Lusso Saigon,LUSSO,A2,6,11,A2.06.11,1 PN+,1PN+,1,1,56.85,51.66,2990938111,3284050045,2991,AKH,57766931,63570462,0.9087,9.8,low,Đông Bắc,Đông Nam,Cảnh quan nội khu,False,synthetic_v1_tower_stack_floor_band,synthetic,demo
930030,U-0030,Lusso Saigon,LUSSO,A2,6,13,A2.06.13,2 PN,2PN,2,2,66.45,59.61,3374634237,3705348392,3375,AKH,55761451,62159846,0.8971,9.8,low,Bắc,Đông,Nội khu,False,synthetic_v1_tower_stack_floor_band,synthetic,demo
930031,U-0031,Lusso Saigon,LUSSO,A2,7,11,A2.07.11,1 PN+,1PN+,1,1,56.85,51.66,2998968786,3292867727,2999,AKH,57922036,63741148,0.9087,9.8,low,Đông Bắc,Đông Nam,Cảnh quan nội khu,False,synthetic_v1_tower_stack_floor_band,synthetic,demo
930032,U-0032,Lusso Saigon,LUSSO,A2,7,13,A2.07.13,2 PN,2PN,2,2,66.45,59.61,3384021016,3715655075,3384,AKH,55916555,62332747,0.8971,9.8,low,Bắc,Đông,Nội khu,False,synthetic_v1_tower_stack_floor_band,synthetic,demo
930033,U-0033,Lusso Saigon,LUSSO,A2,7,15,A2.07.15,3 PN,3PN,3,2,88.96,79.59,5502234542,6041453527,5502,AKH,67912023,75907193,0.8947,9.8,low,Bắc,Đông,Cảnh quan nội khu,True,synthetic_v1_tower_stack_floor_band,synthetic,demo
930034,U-0034,Lusso Saigon,LUSSO,A2,8,4,A2.08.04,2 PN,2PN,2,2,63.1,55.43,2920694854,3206922949,2921,AKH,50822868,57855366,0.8784,9.8,low,Nam,Tây,Hồ bơi,False,synthetic_v1_tower_stack_floor_band,synthetic,demo
930035,U-0035,Lusso Saigon,LUSSO,A2,9,11,A2.09.11,1 PN+,1PN+,1,1,56.85,51.66,3015030137,3310503090,3015,AKH,58232244,64082522,0.9087,9.8,low,Đông Bắc,Đông Nam,Cảnh quan nội khu,False,synthetic_v1_tower_stack_floor_band,synthetic,demo
930036,U-0036,Lusso Saigon,LUSSO,A2,10,4,A2.10.04,2 PN,2PN,2,2,63.1,55.43,2902867743,3187348782,2903,AKH,50512659,57502233,0.8784,9.8,low,Nam,Tây,Hồ bơi,False,synthetic_v1_tower_stack_floor_band,synthetic,demo
930037,U-0037,Lusso Saigon,LUSSO,A2,12,2,A2.12.02,3 PN,3PN,3,2,82.93,74.31,4984636415,5473130783,4985,AKH,65996995,73652682,0.8961,9.8,low,Nam,Tây,Hồ bơi,True,synthetic_v1_tower_stack_floor_band,synthetic,demo
930038,U-0038,Lusso Saigon,LUSSO,A2,12,15,A2.12.15,3 PN,3PN,3,2,89.04,80.29,5549344207,6093179940,5549,AKH,68431940,75889649,0.9017,9.8,low,Bắc,Đông,Cảnh quan nội khu,True,synthetic_v1_tower_stack_floor_band,synthetic,demo
930039,U-0039,Lusso Saigon,LUSSO,A2,13,3,A2.13.03,2 PN,2PN,2,2,62.86,56.44,2839567669,3117845300,2840,AKH,49599830,55241766,0.8979,9.8,mid,Nam,Tây,Sông,False,synthetic_v1_tower_stack_floor_band,synthetic,demo
930040,U-0040,Lusso Saigon,LUSSO,A2,13,11,A2.13.11,1 PN+,1PN+,1,1,56.85,51.99,3047152839,3345773817,3047,AKH,58852662,64354180,0.9145,9.8,mid,Đông Bắc,Đông Nam,Hồ bơi,False,synthetic_v1_tower_stack_floor_band,synthetic,demo
930041,U-0041,Lusso Saigon,LUSSO,A2,19,7,A2.19.07,Căn hộ Loft,Loft,2,2,67.79,60.15,4146259545,4552592980,4146,AKH,67157294,75687331,0.8873,9.8,mid,Bắc,Đông,Nội khu,False,synthetic_v1_tower_stack_floor_band,synthetic,demo
930042,U-0042,Lusso Saigon,LUSSO,A2,19,13,A2.19.13,Căn hộ Loft,Loft,2,2,66.45,60.05,4210156322,4622751642,4210,AKH,69567369,76981709,0.9037,9.8,mid,Bắc,Đông,Nội khu,False,synthetic_v1_tower_stack_floor_band,synthetic,demo
930043,U-0043,Lusso Saigon,LUSSO,A2,21,2,A2.21.02,3 PN,3PN,3,2,83.01,74.82,5105856574,5606230518,5106,AKH,67536809,74929571,0.9013,9.8,mid,Nam,Tây,Hồ bơi,True,synthetic_v1_tower_stack_floor_band,synthetic,demo
930044,U-0044,Lusso Saigon,LUSSO,A2,22,11,A2.22.11,1 PN+,1PN+,1,1,56.85,52.17,3119428918,3425132952,3119,MEGA REALTY,60248601,65653306,0.9177,9.8,mid,Đông Bắc,Đông Nam,Hồ bơi,False,synthetic_v1_tower_stack_floor_band,observed,demo
930045,U-0045,Lusso Saigon,LUSSO,A2,26,2,A2.26.02,3 PN,3PN,3,2,83.01,74.82,5145511766,5649771919,5146,AKH,68061341,75511520,0.9013,9.8,high,Nam,Tây,Toàn cảnh,True,synthetic_v1_tower_stack_floor_band,synthetic,demo
930046,U-0046,Lusso Saigon,LUSSO,A2,29,11,A2.29.11,1 PN+,1PN+,1,1,56.85,52.17,3175643647,3486856724,3176,AKH,61334331,66836433,0.9177,9.8,high,Đông Bắc,Đông Nam,Hồ bơi,False,synthetic_v1_tower_stack_floor_band,synthetic,demo
930047,U-0047,Lusso Saigon,LUSSO,A2,31,10,A2.31.10,4 PN,4PN,4,3,126.79,114.68,7284460421,7998337542,7284,AKH,63083347,69744834,0.9045,9.8,high,Tây Nam,Tây Bắc,Hồ bơi,False,synthetic_v1_tower_stack_floor_band,synthetic,demo
930048,U-0048,Lusso Saigon,LUSSO,A2,31,15,A2.31.15,3 PN,3PN,3,2,87.09,80.36,5044265135,5538603118,5044,AKH,63596316,68922388,0.9227,9.8,high,Bắc,Đông,Hồ bơi,True,synthetic_v1_tower_stack_floor_band,synthetic,demo
930049,U-0049,Lusso Saigon,LUSSO,A2,33,4,A2.33.04,2 PN,2PN,2,2,63.1,56.75,2697855969,2962245854,2698,MKL,46945259,52198165,0.8994,9.8,high,Nam,Tây,Toàn cảnh,False,synthetic_v1_tower_stack_floor_band,observed,demo
930050,U-0050,Lusso Saigon,LUSSO,A2,33,15,A2.33.15,3 PN,3PN,3,2,87.09,80.36,5046791913,5541377520,5047,AKH,63628172,68956913,0.9227,9.8,high,Bắc,Đông,Hồ bơi,True,synthetic_v1_tower_stack_floor_band,synthetic,demo
930051,U-0051,Lusso Saigon,LUSSO,A2,34,12,A2.34.12,2 PN,2PN,2,2,66.45,60.75,3692197454,4054032805,3692,AKH,61008771,66733050,0.9142,9.8,high,Nam,Tây,Sông,False,synthetic_v1_tower_stack_floor_band,synthetic,demo
930052,U-0052,Lusso Saigon,LUSSO,A2,34,3,A2.34.03,2 PN,2PN,2,2,62.86,57.1,2653094960,2913098266,2653,Azh,46342639,51017483,0.9084,9.8,high,Nam,Tây,Sông,False,synthetic_v1_tower_stack_floor_band,observed,demo
930053,U-0053,Lusso Saigon,LUSSO,A2,34,4,A2.34.04,2 PN,2PN,2,2,63.1,56.75,2688942414,2952458770,2689,HANA,46790155,52025705,0.8994,9.8,high,Nam,Tây,Toàn cảnh,False,synthetic_v1_tower_stack_floor_band,observed,demo
930054,U-0054,Lusso Saigon,LUSSO,A2,35,2,A2.35.02,3 PN,3PN,3,2,83.01,75.24,5287320617,5805478037,5287,AKH,69937092,77159464,0.9064,9.8,high,Nam,Tây,Toàn cảnh,True,synthetic_v1_tower_stack_floor_band,synthetic,demo
930055,U-0055,Lusso Saigon,LUSSO,A2,37,15,A2.37.15,3 PN,3PN,3,2,87.09,80.36,5125857904,5628191978,5126,AKH,64625008,70037232,0.9227,9.8,high,Bắc,Đông,Hồ bơi,True,synthetic_v1_tower_stack_floor_band,synthetic,demo
930056,U-0056,Lusso Saigon,LUSSO,A2,38,14,A2.38.14,Sky villa,SkyVilla,4,4,153.11,139.11,10491682407,11519867283,10492,AKH,75239157,82811209,0.9086,9.8,high,Tây Nam,Tây Bắc,Toàn cảnh,False,synthetic_v1_tower_stack_floor_band,synthetic,demo
930057,U-0057,Lusso Saigon,LUSSO,A2,39,4,A2.39.04,2 PN,2PN,2,2,63.1,56.75,2644374637,2903523351,2644,AKH,46014633,51163407,0.8994,9.8,high,Nam,Tây,Toàn cảnh,False,synthetic_v1_tower_stack_floor_band,synthetic,demo
930058,U-0058,Lusso Saigon,LUSSO,A2,32,10,A2.32.10,4 PN,4PN,4,3,126.79,114.68,7302278449,8017901737,7302,VNL,63237651,69915432,0.9045,9.8,high,Tây Nam,Tây Bắc,Hồ bơi,False,synthetic_v1_tower_stack_floor_band,observed,demo
930059,U-0059,Lusso Saigon,LUSSO,A2,36,10,A2.36.10,4 PN,4PN,4,3,126.79,114.68,7373550562,8096158517,7374,AKH,63854866,70597825,0.9045,9.8,high,Tây Nam,Tây Bắc,Hồ bơi,False,synthetic_v1_tower_stack_floor_band,synthetic,demo
930060,U-0060,Lusso d'Arte,Lusso d'Arte,B2,5,3,B2.05.03,2 PN,2PN,2,2,67.04,59.77,3359893439,3689162996,3360,HBL,55029281,61722653,0.8916,9.8,low,Đông Nam,Tây Nam,Nội khu,True,synthetic_v1_tower_stack_floor_band,synthetic,demo
930061,U-0061,Lusso d'Arte,Lusso d'Arte,B2,5,12,B2.05.12,1 PN+,1PN+,1,1,55.86,49.72,2694612019,2958683997,2695,HBL,52966058,59506919,0.8901,9.8,low,Đông Nam,Tây Nam,Nội khu,False,synthetic_v1_tower_stack_floor_band,synthetic,demo
930062,U-0062,Lusso d'Arte,Lusso d'Arte,B2,5,14,B2.05.14,2 PN,2PN,2,2,62.86,56.09,3057575701,3357218120,3058,HBL,53407861,59854129,0.8923,9.8,low,Tây,Bắc,Nội khu,True,synthetic_v1_tower_stack_floor_band,synthetic,demo
930063,U-0063,Lusso d'Arte,Lusso d'Arte,B2,6,3,B2.06.03,2 PN,2PN,2,2,67.04,59.77,3370082373,3700350445,3370,HBL,55196158,61909828,0.8916,9.8,low,Đông Nam,Tây Nam,Nội khu,True,synthetic_v1_tower_stack_floor_band,synthetic,demo
930064,U-0064,Lusso d'Arte,Lusso d'Arte,B2,6,4,B2.06.04,2 PN,2PN,2,2,66.45,59.61,3340980371,3668396447,3341,HBL,55205364,61539950,0.8971,9.8,low,Đông,Nam,Nội khu,False,synthetic_v1_tower_stack_floor_band,synthetic,demo
930065,U-0065,Lusso d'Arte,Lusso d'Arte,B2,6,6,B2.06.06,1 PN+,1PN+,1,1,56.85,51.66,3069950439,3370805582,3070,HBL,59292974,65249818,0.9087,9.8,low,Tây Bắc,Đông Bắc,Cảnh quan nội khu,False,synthetic_v1_tower_stack_floor_band,synthetic,demo
930066,U-0066,Lusso d'Arte,Lusso d'Arte,B2,6,7,B2.06.07,2 PN,2PN,2,2,69.94,61.5,4119624624,4523347837,4120,HBL,64674690,73550371,0.8793,9.8,low,Tây,Bắc,Hồ bơi,False,synthetic_v1_tower_stack_floor_band,synthetic,demo
930067,U-0067,Lusso d'Arte,Lusso d'Arte,B2,6,10,B2.06.10,2 PN,2PN,2,2,67.79,59.71,3716535356,4080755821,3717,HBL,60197018,68342921,0.8808,9.8,low,Tây,Bắc,Cảnh quan nội khu,False,synthetic_v1_tower_stack_floor_band,synthetic,demo
930068,U-0068,Lusso d'Arte,Lusso d'Arte,B2,6,13,B2.06.13,2 PN,2PN,2,2,63.1,55.43,3059422228,3359245606,3059,HBL,53236856,60603385,0.8784,9.8,low,Đông Nam,Tây Nam,Nội khu,False,synthetic_v1_tower_stack_floor_band,synthetic,demo
930069,U-0069,Lusso d'Arte,Lusso d'Arte,B2,7,5,B2.07.05,2 PN,2PN,2,2,66.45,59.61,3411735876,3746085992,3412,HBL,56374507,62843248,0.8971,9.8,low,Nam,Tây,Hồ bơi,False,synthetic_v1_tower_stack_floor_band,synthetic,demo
930070,U-0070,Lusso d'Arte,Lusso d'Arte,B2,7,8,B2.07.08,1 PN,1PN,1,1,43.09,38.19,2333798473,2562510724,2334,HBL,59468803,67098998,0.8863,9.8,low,Bắc,Đông,Nội khu,False,synthetic_v1_tower_stack_floor_band,synthetic,demo
930071,U-0071,Lusso d'Arte,Lusso d'Arte,B2,7,10,B2.07.10,2 PN,2PN,2,2,67.79,59.71,3706232435,4069443213,3706,HBL,60030140,68153462,0.8808,9.8,low,Tây,Bắc,Cảnh quan nội khu,False,synthetic_v1_tower_stack_floor_band,synthetic,demo
930072,U-0072,Lusso d'Arte,Lusso d'Arte,B2,9,4,B2.09.04,2 PN,2PN,2,2,66.45,59.61,3371278163,3701663423,3371,HBL,55705996,62098028,0.8971,9.8,low,Đông,Nam,Nội khu,False,synthetic_v1_tower_stack_floor_band,synthetic,demo
930073,U-0073,Lusso d'Arte,Lusso d'Arte,B2,9,6,B2.09.06,1 PN+,1PN+,1,1,56.85,51.66,3095871123,3399266493,3096,HBL,59793606,65800745,0.9087,9.8,low,Tây Bắc,Đông Bắc,Cảnh quan nội khu,False,synthetic_v1_tower_stack_floor_band,synthetic,demo
930074,U-0074,Lusso d'Arte,Lusso d'Arte,B2,9,7,B2.09.07,2 PN,2PN,2,2,69.94,61.5,4151513677,4558362018,4152,HBL,65175322,74119708,0.8793,9.8,low,Tây,Bắc,Hồ bơi,False,synthetic_v1_tower_stack_floor_band,synthetic,demo
930075,U-0075,Lusso d'Arte,Lusso d'Arte,B2,10,3,B2.10.03,2 PN,2PN,2,2,67.04,59.77,3410838109,3745100244,3411,HBL,55863667,62658528,0.8916,9.8,low,Đông Nam,Tây Nam,Nội khu,True,synthetic_v1_tower_stack_floor_band,synthetic,demo
930076,U-0076,Lusso d'Arte,Lusso d'Arte,B2,10,13,B2.10.13,2 PN,2PN,2,2,63.1,55.43,3021061743,3317125793,3021,HBL,52569347,59843511,0.8784,9.8,low,Đông Nam,Tây Nam,Nội khu,False,synthetic_v1_tower_stack_floor_band,synthetic,demo
930077,U-0077,Lusso d'Arte,Lusso d'Arte,B2,11,5,B2.11.05,2 PN,2PN,2,2,66.45,60.05,3452132932,3790441960,3452,HBL,57042016,63121431,0.9037,9.8,low,Nam,Tây,Hồ bơi,False,synthetic_v1_tower_stack_floor_band,synthetic,demo
930078,U-0078,Lusso d'Arte,Lusso d'Arte,B2,11,7,B2.11.07,2 PN,2PN,2,2,69.94,61.81,4172773046,4581704805,4173,HBL,65509076,74125624,0.8838,9.8,low,Tây,Bắc,Hồ bơi,False,synthetic_v1_tower_stack_floor_band,synthetic,demo
930079,U-0079,Lusso d'Arte,Lusso d'Arte,B2,12,11,B2.12.11,1 PN+,1PN+,1,1,56.01,50.04,2642103526,2901029671,2642,HBL,51794852,57974214,0.8934,9.8,low,Tây Bắc,Đông Bắc,Nội khu,False,synthetic_v1_tower_stack_floor_band,synthetic,demo
930080,U-0080,Lusso d'Arte,Lusso d'Arte,B2,13,3,B2.13.03,2 PN,2PN,2,2,67.04,60.13,3441404911,3778662592,3441,HBL,56364299,62841553,0.8969,9.8,mid,Đông Nam,Tây Nam,Nội khu,True,synthetic_v1_tower_stack_floor_band,synthetic,demo
930081,U-0081,Lusso d'Arte,Lusso d'Arte,B2,13,4,B2.13.04,2 PN,2PN,2,2,66.45,60.05,3411675220,3746019391,3412,HBL,56373505,62381672,0.9037,9.8,mid,Đông,Nam,Nội khu,False,synthetic_v1_tower_stack_floor_band,synthetic,demo
930082,U-0082,Lusso d'Arte,Lusso d'Arte,B2,13,9,B2.13.09,2 PN,2PN,2,2,67.79,60.15,3644414907,4001567568,3644,HBL,59028877,66526477,0.8873,9.8,mid,Đông,Nam,Thành phố,False,synthetic_v1_tower_stack_floor_band,synthetic,demo
930083,U-0083,Lusso d'Arte,Lusso d'Arte,B2,13,12,B2.13.12,2 PN,2PN,2,2,63.1,55.93,3049889705,3348778896,3050,HBL,53070981,59874466,0.8864,9.8,mid,Đông Nam,Tây Nam,Thành phố,False,synthetic_v1_tower_stack_floor_band,synthetic,demo
930084,U-0084,Lusso d'Arte,Lusso d'Arte,B2,16,13,B2.16.13,2 PN,2PN,2,2,62.86,56.44,2952485601,3241829189,2952,HBL,51572211,57438504,0.8979,9.8,mid,Đông Nam,Tây Nam,Nội khu,False,synthetic_v1_tower_stack_floor_band,synthetic,demo
930085,U-0085,Lusso d'Arte,Lusso d'Arte,B2,17,3,B2.17.03,2 PN,2PN,2,2,67.04,60.13,3482160647,3823412390,3482,HBL,57031808,63585771,0.8969,9.8,mid,Đông Nam,Tây Nam,Nội khu,True,synthetic_v1_tower_stack_floor_band,synthetic,demo
930086,U-0086,Lusso d'Arte,Lusso d'Arte,B2,17,4,B2.17.04,2 PN,2PN,2,2,66.45,60.05,3452072276,3790375359,3452,HBL,57041014,63120322,0.9037,9.8,mid,Đông,Nam,Nội khu,False,synthetic_v1_tower_stack_floor_band,synthetic,demo
930087,U-0087,Lusso d'Arte,Lusso d'Arte,B2,17,6,B2.17.06,4 PN,4PN,4,3,126.79,113.72,6320900271,6940348497,6321,HBL,54738927,61030149,0.8969,9.8,mid,Tây Bắc,Đông Bắc,Cảnh quan nội khu,False,synthetic_v1_tower_stack_floor_band,synthetic,demo
930088,U-0088,Lusso d'Arte,Lusso d'Arte,B2,17,11,B2.17.11,1 PN+,1PN+,1,1,56.01,50.04,2599540713,2854295703,2600,HBL,50960466,57040282,0.8934,9.8,mid,Tây Bắc,Đông Bắc,Nội khu,False,synthetic_v1_tower_stack_floor_band,synthetic,demo
930089,U-0089,Lusso d'Arte,Lusso d'Arte,B2,19,5,B2.19.05,Căn hộ Loft,Loft,2,2,66.45,60.05,4139224689,4544868709,4139,HBL,68395315,75684741,0.9037,9.8,mid,Nam,Tây,Hồ bơi,False,synthetic_v1_tower_stack_floor_band,synthetic,demo
930090,U-0090,Lusso d'Arte,Lusso d'Arte,B2,19,8,B2.19.08,Căn hộ Loft,Loft,2,2,48.26,43.54,2969240168,3260225704,2969,HBL,67555444,74878863,0.9022,9.8,mid,Bắc,Đông,Nội khu,False,synthetic_v1_tower_stack_floor_band,synthetic,demo
930091,U-0091,Lusso d'Arte,Lusso d'Arte,B2,19,9,B2.19.09,Căn hộ Loft,Loft,2,2,67.79,60.15,4195886496,4607083373,4196,HBL,67961106,76593240,0.8873,9.8,mid,Đông,Nam,Thành phố,False,synthetic_v1_tower_stack_floor_band,synthetic,demo
930092,U-0092,Lusso d'Arte,Lusso d'Arte,B2,19,10,B2.19.10,Căn hộ Loft,Loft,2,2,67.23,60.57,3609915521,3963687242,3610,HBL,58957121,65439776,0.9009,9.8,mid,Tây,Bắc,Cảnh quan nội khu,False,synthetic_v1_tower_stack_floor_band,synthetic,demo
930093,U-0093,Lusso d'Arte,Lusso d'Arte,B2,19,13,B2.19.13,Căn hộ Loft,Loft,2,2,62.86,56.44,3417600039,3752524842,3418,HBL,59696545,66486975,0.8979,9.8,mid,Đông Nam,Tây Nam,Nội khu,False,synthetic_v1_tower_stack_floor_band,synthetic,demo
930094,U-0094,Lusso d'Arte,Lusso d'Arte,B2,22,6,B2.22.06,4 PN,4PN,4,3,126.79,114.21,6406929980,7034809118,6407,HBL,55483943,61595387,0.9008,9.8,mid,Tây Bắc,Đông Bắc,Cảnh quan nội khu,False,synthetic_v1_tower_stack_floor_band,synthetic,demo
930095,U-0095,Lusso d'Arte,Lusso d'Arte,B2,23,5,B2.23.05,2 PN,2PN,2,2,66.45,60.42,3573324102,3923509864,3573,HBL,59044543,64937270,0.9093,9.8,mid,Nam,Tây,Hồ bơi,False,synthetic_v1_tower_stack_floor_band,synthetic,demo
930096,U-0096,Lusso d'Arte,Lusso d'Arte,B2,23,12,B2.23.12,2 PN,2PN,2,2,63.1,56.34,2953988491,3243479363,2954,AUH,51402209,57569744,0.8929,9.8,mid,Đông Nam,Tây Nam,Thành phố,False,synthetic_v1_tower_stack_floor_band,observed,demo
930097,U-0097,Lusso d'Arte,Lusso d'Arte,B2,25,9,B2.25.09,2 PN,2PN,2,2,67.79,60.29,3520779853,3865816278,3521,HBL,57026350,64120356,0.8894,9.8,mid,Đông,Nam,Thành phố,False,synthetic_v1_tower_stack_floor_band,synthetic,demo
930098,U-0098,Lusso d'Arte,Lusso d'Arte,B2,25,13,B2.25.13,2 PN,2PN,2,2,62.86,56.85,2866502791,3147420065,2867,HBL,50070316,55363590,0.9044,9.8,mid,Đông Nam,Tây Nam,Nội khu,False,synthetic_v1_tower_stack_floor_band,synthetic,demo
930099,U-0099,Lusso d'Arte,Lusso d'Arte,B2,26,3,B2.26.03,2 PN,2PN,2,2,67.04,60.51,3573861053,3924099437,3574,HBL,58533703,64850429,0.9026,9.8,high,Đông Nam,Tây Nam,Thành phố,True,synthetic_v1_tower_stack_floor_band,synthetic,demo
930100,U-0100,Lusso d'Arte,Lusso d'Arte,B2,26,4,B2.26.04,2 PN,2PN,2,2,66.45,60.42,3542965653,3890176287,3543,HBL,58542909,64385572,0.9093,9.8,high,Đông,Nam,Sông,False,synthetic_v1_tower_stack_floor_band,synthetic,demo
930101,U-0101,Lusso d'Arte,Lusso d'Arte,B2,28,3,B2.28.03,2 PN,2PN,2,2,67.04,60.51,3594238921,3946474336,3594,HBL,58867457,65220201,0.9026,9.8,high,Đông Nam,Tây Nam,Thành phố,True,synthetic_v1_tower_stack_floor_band,synthetic,demo
930102,U-0102,Lusso d'Arte,Lusso d'Arte,B2,28,5,B2.28.05,2 PN,2PN,2,2,66.45,60.42,3623820422,3978954824,3624,HBL,59878929,65854929,0.9093,9.8,high,Nam,Tây,Toàn cảnh,False,synthetic_v1_tower_stack_floor_band,synthetic,demo
930103,U-0103,Lusso d'Arte,Lusso d'Arte,B2,29,6,B2.29.06,4 PN,4PN,4,3,126.79,114.21,6527371573,7167053987,6527,HBL,56526966,62753296,0.9008,9.8,high,Tây Bắc,Đông Bắc,Hồ bơi,False,synthetic_v1_tower_stack_floor_band,synthetic,demo
930104,U-0104,Lusso d'Arte,Lusso d'Arte,B2,29,13,B2.29.13,2 PN,2PN,2,2,62.86,56.85,2828288209,3105460454,2828,HBL,49402807,54625514,0.9044,9.8,high,Đông Nam,Tây Nam,Thành phố,False,synthetic_v1_tower_stack_floor_band,synthetic,demo
930105,U-0105,Lusso d'Arte,Lusso d'Arte,B2,31,3,B2.31.03,2 PN,2PN,2,2,67.04,60.76,3624805723,3980036684,3625,HBL,59368089,65504225,0.9063,9.8,high,Đông Nam,Tây Nam,Thành phố,True,synthetic_v1_tower_stack_floor_band,synthetic,demo
930106,U-0106,Lusso d'Arte,Lusso d'Arte,B2,31,4,B2.31.04,2 PN,2PN,2,2,66.45,60.75,3593461974,3945621247,3593,HBL,59377295,64948498,0.9142,9.8,high,Đông,Nam,Sông,False,synthetic_v1_tower_stack_floor_band,synthetic,demo
930107,U-0107,Lusso d'Arte,Lusso d'Arte,B2,31,9,B2.31.09,2 PN,2PN,2,2,67.79,60.58,3458962326,3797940634,3459,HBL,56025087,62692978,0.8936,9.8,high,Đông,Nam,Thành phố,False,synthetic_v1_tower_stack_floor_band,synthetic,demo
930108,U-0108,Lusso d'Arte,Lusso d'Arte,B2,31,11,B2.31.11,1 PN+,1PN+,1,1,56.15,50.24,2486419101,2730088173,2486,HBL,48621339,54340927,0.8947,9.8,high,Tây Bắc,Đông Bắc,Thành phố,False,synthetic_v1_tower_stack_floor_band,synthetic,demo
930109,U-0109,Lusso d'Arte,Lusso d'Arte,B2,32,4,B2.32.04,2 PN,2PN,2,2,66.45,60.75,3603561238,3956710239,3604,HBL,59544172,65131033,0.9142,9.8,high,Đông,Nam,Sông,False,synthetic_v1_tower_stack_floor_band,synthetic,demo
930110,U-0110,Lusso d'Arte,Lusso d'Arte,B2,32,5,B2.32.05,2 PN,2PN,2,2,66.45,60.75,3664217479,4023310791,3664,HBL,60546438,66227338,0.9142,9.8,high,Nam,Tây,Toàn cảnh,False,synthetic_v1_tower_stack_floor_band,synthetic,demo
930111,U-0111,Lusso d'Arte,Lusso d'Arte,B2,32,9,B2.32.09,2 PN,2PN,2,2,67.79,60.58,3448659404,3786628026,3449,HBL,55858210,62506240,0.8936,9.8,high,Đông,Nam,Thành phố,False,synthetic_v1_tower_stack_floor_band,synthetic,demo
930112,U-0112,Lusso d'Arte,Lusso d'Arte,B2,33,3,B2.33.03,2 PN,2PN,2,2,67.04,60.76,3645183592,4002411583,3645,HBL,59701843,65872475,0.9063,9.8,high,Đông Nam,Tây Nam,Thành phố,True,synthetic_v1_tower_stack_floor_band,synthetic,demo
930113,U-0113,Lusso d'Arte,Lusso d'Arte,B2,33,5,B2.33.05,2 PN,2PN,2,2,66.45,60.75,3674316743,4034399783,3674,HBL,60713315,66409873,0.9142,9.8,high,Nam,Tây,Toàn cảnh,False,synthetic_v1_tower_stack_floor_band,synthetic,demo
930114,U-0114,Lusso d'Arte,Lusso d'Arte,B2,33,6,B2.33.06,4 PN,4PN,4,3,126.79,114.8,6596195341,7242622484,6596,HBL,57122979,63089046,0.9054,9.8,high,Tây Bắc,Đông Bắc,Hồ bơi,False,synthetic_v1_tower_stack_floor_band,synthetic,demo
930115,U-0115,Lusso d'Arte,Lusso d'Arte,B2,35,13,B2.35.13,2 PN,2PN,2,2,62.86,57.1,2770966336,3042521037,2771,HBL,48401544,53284081,0.9084,9.8,high,Đông Nam,Tây Nam,Thành phố,False,synthetic_v1_tower_stack_floor_band,synthetic,demo
930116,U-0116,Lusso d'Arte,Lusso d'Arte,B2,36,12,B2.36.12,2 PN,2PN,2,2,63.1,56.75,2829316913,3106589971,2829,HBL,49232805,54741673,0.8994,9.8,high,Đông Nam,Tây Nam,Thành phố,False,synthetic_v1_tower_stack_floor_band,synthetic,demo
930117,U-0117,Lusso d'Arte,Lusso d'Arte,B2,37,3,B2.37.03,2 PN,2PN,2,2,67.04,60.76,3685939328,4047161382,3686,HBL,60369352,66608976,0.9063,9.8,high,Đông Nam,Tây Nam,Thành phố,True,synthetic_v1_tower_stack_floor_band,synthetic,demo
930118,U-0118,Lusso d'Arte,Lusso d'Arte,B2,37,4,B2.37.04,2 PN,2PN,2,2,66.45,60.75,3654057558,4012155199,3654,HBL,60378558,66043707,0.9142,9.8,high,Đông,Nam,Sông,False,synthetic_v1_tower_stack_floor_band,synthetic,demo
930119,U-0119,Lusso d'Arte,Lusso d'Arte,B2,37,5,B2.37.05,2 PN,2PN,2,2,66.45,60.75,3714713799,4078755751,3715,HBL,61380824,67140012,0.9142,9.8,high,Nam,Tây,Toàn cảnh,False,synthetic_v1_tower_stack_floor_band,synthetic,demo
930120,U-0120,Lusso d'Arte,Lusso d'Arte,B2,39,9,B2.39.09,2 PN,2PN,2,2,67.79,60.58,3376538956,3707439774,3377,HBL,54690069,61199072,0.8936,9.8,high,Đông,Nam,Thành phố,False,synthetic_v1_tower_stack_floor_band,synthetic,demo
930121,U-0121,Risa,Risa,A3,4,2,A3.04.02,1 PN,1PN,1,1,46.59,41.52,2638787404,2746977688,2639,HBL,58960672,66160349,0.8912,4.1,low,Đông Nam,Tây Nam,Hồ bơi,True,synthetic_v1_tower_stack_floor_band,synthetic,demo
930122,U-0122,Risa,Risa,A3,4,3,A3.04.03,2 PN + 2 WC,2PN+2WC,2,2,76.91,69.16,4090286699,4257988454,4090,HBL,55363262,61567213,0.8992,4.1,low,Đông Bắc,Đông Nam,Cảnh quan nội khu,False,synthetic_v1_tower_stack_floor_band,synthetic,demo
930123,U-0123,Risa,Risa,A3,4,6,A3.04.06,RISA,RISA,2,2,55.33,48.23,2960033479,3081394852,2960,HBL,55691214,63889588,0.8717,4.1,low,Đông Bắc,Đông Nam,Nội khu,False,synthetic_v1_tower_stack_floor_band,synthetic,demo
930124,U-0124,Risa,Risa,A3,4,9,A3.04.09,RISA,RISA,2,2,56.92,51.3,3217090315,3348991018,3217,HBL,58836806,65282476,0.9013,4.1,low,Nam,Tây,Nội khu,False,synthetic_v1_tower_stack_floor_band,synthetic,demo
930125,U-0125,Risa,Risa,A3,4,11,A3.04.11,2 PN + 2 WC,2PN+2WC,2,2,66.14,59.32,3539386682,3684501536,3539,HBL,55707613,62112298,0.8969,4.1,low,Đông,Nam,Cảnh quan nội khu,False,synthetic_v1_tower_stack_floor_band,synthetic,demo
930126,U-0126,Risa,Risa,A3,4,12,A3.04.12,2 PN + 2 WC,2PN+2WC,2,2,66.14,59.32,3539386682,3684501536,3539,HBL,55707613,62112298,0.8969,4.1,low,Tây Bắc,Đông Bắc,Nội khu,False,synthetic_v1_tower_stack_floor_band,synthetic,demo
930127,U-0127,Risa,Risa,A3,4,13,A3.04.13,2 PN + 2 WC,2PN+2WC,2,2,66.21,59.34,3483899578,3626739460,3484,HBL,54776310,61117955,0.8962,4.1,low,Tây Nam,Tây Bắc,Nội khu,False,synthetic_v1_tower_stack_floor_band,synthetic,demo
930128,U-0128,Risa,Risa,A3,4,14,A3.04.14,2 PN + 2 WC,2PN+2WC,2,2,67.25,59.52,3776463222,3931298214,3776,HBL,58457966,66050037,0.8851,4.1,low,Tây,Bắc,Nội khu,False,synthetic_v1_tower_stack_floor_band,synthetic,demo
930129,U-0129,Risa,Risa,A3,5,3,A3.05.03,2 PN + 2 WC,2PN+2WC,2,2,76.91,69.16,4152776704,4323040549,4153,HBL,56209083,62507816,0.8992,4.1,low,Đông Bắc,Đông Nam,Cảnh quan nội khu,False,synthetic_v1_tower_stack_floor_band,synthetic,demo
930130,U-0130,Risa,Risa,A3,5,4,A3.05.04,2 PN + 2 WC,2PN+2WC,2,2,76.91,69.16,3824438228,3981240196,3824,HBL,51764923,57565648,0.8992,4.1,low,Bắc,Đông,Nội khu,False,synthetic_v1_tower_stack_floor_band,synthetic,demo
930131,U-0131,Risa,Risa,A3,5,11,A3.05.11,2 PN + 2 WC,2PN+2WC,2,2,66.14,59.32,3603690864,3751442190,3604,HBL,56719719,63240765,0.8969,4.1,low,Đông,Nam,Cảnh quan nội khu,False,synthetic_v1_tower_stack_floor_band,synthetic,demo
930132,U-0132,Risa,Risa,A3,5,12,A3.05.12,2 PN + 2 WC,2PN+2WC,2,2,66.14,59.32,3603690864,3751442190,3604,HBL,56719719,63240765,0.8969,4.1,low,Tây Bắc,Đông Bắc,Nội khu,False,synthetic_v1_tower_stack_floor_band,synthetic,demo
930133,U-0133,Risa,Risa,A3,6,2,A3.06.02,1 PN,1PN,1,1,46.59,41.52,2672921128,2782510894,2673,HBL,59723350,67016158,0.8912,4.1,low,Đông Nam,Tây Nam,Hồ bơi,True,synthetic_v1_tower_stack_floor_band,synthetic,demo
930134,U-0134,Risa,Risa,A3,7,8,A3.07.08,2 PN + 2 WC,2PN+2WC,2,2,70.15,62.33,4450859034,4633344254,4451,HBL,66049098,74335701,0.8885,4.1,low,Nam,Tây,Nội khu,False,synthetic_v1_tower_stack_floor_band,synthetic,demo
930135,U-0135,Risa,Risa,A3,9,8,A3.09.08,2 PN + 2 WC,2PN+2WC,2,2,70.15,62.33,4462064463,4645009106,4462,HBL,66215383,74522848,0.8885,4.1,low,Nam,Tây,Nội khu,False,synthetic_v1_tower_stack_floor_band,synthetic,demo
930136,U-0136,Risa,Risa,A3,13,8,A3.13.08,2 PN + 2 WC,2PN+2WC,2,2,70.15,62.8,4327974912,4505421883,4328,HBL,64225544,71742387,0.8952,4.1,mid,Nam,Tây,Sông,False,synthetic_v1_tower_stack_floor_band,synthetic,demo
930137,U-0137,Risa,Risa,A3,14,8,A3.14.08,2 PN + 2 WC,2PN+2WC,2,2,70.15,62.8,4427477873,4609004465,4427,HBL,65702131,73391791,0.8952,4.1,mid,Nam,Tây,Sông,False,synthetic_v1_tower_stack_floor_band,synthetic,demo
930138,U-0138,Risa,Risa,A3,19,4,A3.19.04,Căn hộ Loft,Loft,2,2,76.91,69.48,4701472650,4894233029,4701,HBL,63635847,70440890,0.9034,4.1,mid,Bắc,Đông,Sông,False,synthetic_v1_tower_stack_floor_band,synthetic,demo
930139,U-0139,Risa,Risa,A3,19,6,A3.19.06,Căn hộ Loft,Loft,2,2,55.33,48.68,3705666724,3857599060,3706,HBL,69719846,79244023,0.8798,4.1,mid,Đông Bắc,Đông Nam,Sông,False,synthetic_v1_tower_stack_floor_band,synthetic,demo
930140,U-0140,Risa,Risa,A3,19,9,A3.19.09,Căn hộ Loft,Loft,2,2,56.92,51.67,4012559653,4177074599,4013,HBL,73385007,80841390,0.9078,4.1,mid,Nam,Tây,Thành phố,False,synthetic_v1_tower_stack_floor_band,synthetic,demo
930141,U-0141,Risa,Risa,A3,19,11,A3.19.11,Căn hộ Loft,Loft,2,2,66.21,59.8,4406687362,4587361544,4407,HBL,69285026,76711732,0.9032,4.1,mid,Đông,Nam,Cảnh quan nội khu,False,synthetic_v1_tower_stack_floor_band,synthetic,demo
930142,U-0142,Risa,Risa,A3,19,13,A3.19.13,Căn hộ Loft,Loft,2,2,66.27,59.81,4376549082,4555987594,4377,HBL,68748870,76174345,0.9025,4.1,mid,Tây Nam,Tây Bắc,Nội khu,False,synthetic_v1_tower_stack_floor_band,synthetic,demo
930143,U-0143,Risa,Risa,A3,19,16,A3.19.16,Căn hộ Loft,Loft,2,2,53.94,48.96,3576139897,3722761633,3576,HBL,69016715,76036798,0.9077,4.1,mid,Nam,Tây,Thành phố,False,synthetic_v1_tower_stack_floor_band,synthetic,demo
930144,U-0144,Risa,Risa,A3,19,17,A3.19.17,Căn hộ Loft,Loft,2,2,53.94,48.96,3548462413,3693949372,3548,HBL,68482562,75448312,0.9077,4.1,mid,Tây Nam,Tây Bắc,Nội khu,False,synthetic_v1_tower_stack_floor_band,synthetic,demo
930145,U-0145,Risa,Risa,A3,19,18,A3.19.18,Căn hộ Loft,Loft,2,2,62.73,56.49,3717543651,3869962941,3718,HBL,61692379,68507044,0.9005,4.1,mid,Tây Nam,Tây Bắc,Sông,True,synthetic_v1_tower_stack_floor_band,synthetic,demo
930146,U-0146,Risa,Risa,A3,27,4,A3.27.04,2 PN + 2 WC,2PN+2WC,2,2,76.91,69.8,3959575866,4121918477,3960,HBL,53594051,59053273,0.9076,4.1,high,Bắc,Đông,Sông,False,synthetic_v1_tower_stack_floor_band,synthetic,demo
930147,U-0147,Risa,Risa,A3,32,4,A3.32.04,2 PN + 2 WC,2PN+2WC,2,2,76.91,69.8,3990288966,4153890813,3990,HBL,54009762,59511330,0.9076,4.1,high,Bắc,Đông,Sông,False,synthetic_v1_tower_stack_floor_band,synthetic,demo
930148,U-0148,Risa,Risa,A3,33,2,A3.33.02,1 PN,1PN,1,1,46.59,42.18,2572453232,2677923815,2572,HBL,57478511,63487999,0.9053,4.1,high,Đông Nam,Tây Nam,Toàn cảnh,True,synthetic_v1_tower_stack_floor_band,synthetic,demo
930149,U-0149,Risa,Risa,A3,34,3,A3.34.03,2 PN + 2 WC,2PN+2WC,2,2,76.91,69.96,3974640727,4137600997,3975,HBL,53797959,59142381,0.9096,4.1,high,Đông Bắc,Đông Nam,Hồ bơi,False,synthetic_v1_tower_stack_floor_band,synthetic,demo
930150,U-0150,Risa,Risa,A3,34,4,A3.34.04,2 PN + 2 WC,2PN+2WC,2,2,76.91,69.8,4002574205,4166679748,4003,HBL,54176047,59694552,0.9076,4.1,high,Bắc,Đông,Sông,False,synthetic_v1_tower_stack_floor_band,synthetic,demo
930151,U-0151,Risa,Risa,A3,37,3,A3.37.03,2 PN + 2 WC,2PN+2WC,2,2,76.91,69.96,3956212867,4118417595,3956,HBL,53548532,58868176,0.9096,4.1,high,Đông Bắc,Đông Nam,Hồ bơi,False,synthetic_v1_tower_stack_floor_band,synthetic,demo
930152,U-0152,Risa,Risa,A3,37,5,A3.37.05,1 PN,1PN,1,1,46.73,42.01,2604197295,2710969384,2604,HBL,58013469,64531525,0.899,4.1,high,Đông,Nam,Sông,False,synthetic_v1_tower_stack_floor_band,synthetic,demo
930153,U-0153,Risa,Risa,A3,38,2,A3.38.02,1 PN,1PN,1,1,46.59,42.18,2553848066,2658555837,2554,HBL,57062800,63028825,0.9053,4.1,high,Đông Nam,Tây Nam,Toàn cảnh,True,synthetic_v1_tower_stack_floor_band,synthetic,demo
930154,U-0154,Risa,Risa,A3,38,3,A3.38.03,2 PN + 2 WC,2PN+2WC,2,2,76.91,69.96,3950070248,4112023128,3950,HBL,53465390,58776774,0.9096,4.1,high,Đông Bắc,Đông Nam,Hồ bơi,False,synthetic_v1_tower_stack_floor_band,synthetic,demo
930155,U-0155,Risa,Risa,A3,39,2,A3.39.02,1 PN,1PN,1,1,46.59,42.18,2550127033,2654682241,2550,HBL,56979657,62936990,0.9053,4.1,high,Đông Nam,Tây Nam,Toàn cảnh,True,synthetic_v1_tower_stack_floor_band,synthetic,demo
930156,U-0156,Risa,Risa,A3,39,4,A3.39.04,2 PN + 2 WC,2PN+2WC,2,2,76.91,69.8,4033287305,4198652084,4033,HBL,54591758,60152609,0.9076,4.1,high,Bắc,Đông,Sông,False,synthetic_v1_tower_stack_floor_band,synthetic,demo
930157,U-0157,Risa,Risa,A3,39,9,A3.39.09,RISA,RISA,2,2,56.92,52.41,3426996652,3567503515,3427,HBL,62675747,68069138,0.9208,4.1,high,Nam,Tây,Thành phố,False,synthetic_v1_tower_stack_floor_band,synthetic,demo
930158,U-0158,Risa,Risa,A4,4,1,A4.04.01,RISA,RISA,2,2,55.21,48.23,3126347510,3254527758,3126,AUH,58948157,67479323,0.8736,4.1,low,Đông Nam,Tây Nam,Nội khu,True,synthetic_v1_tower_stack_floor_band,synthetic,demo
930159,U-0159,Risa,Risa,A4,4,3,A4.04.03,2 PN + 2 WC,2PN+2WC,2,2,72.66,65.11,3697271477,3848859607,3697,AUH,52970818,59113187,0.8961,4.1,low,Bắc,Đông,Cảnh quan nội khu,False,synthetic_v1_tower_stack_floor_band,synthetic,demo
930160,U-0160,Risa,Risa,A4,4,4,A4.04.04,2 PN + 2 WC,2PN+2WC,2,2,72.66,65.11,3975666856,4138669197,3976,AUH,56959389,63564264,0.8961,4.1,low,Tây Bắc,Đông Bắc,Nội khu,False,synthetic_v1_tower_stack_floor_band,synthetic,demo
930161,U-0161,Risa,Risa,A4,4,20,A4.04.20,2 PN + 2 WC,2PN+2WC,2,2,71.81,63.25,3933372294,4094640558,3933,AUH,57020478,64737400,0.8808,4.1,low,Đông,Nam,Nội khu,False,synthetic_v1_tower_stack_floor_band,synthetic,demo
930162,U-0162,Risa,Risa,A4,4,21,A4.04.21,3 PN,3PN,3,2,85.54,75.84,5793188768,6030709507,5793,AUH,70501631,79518849,0.8866,4.1,low,Đông Bắc,Đông Nam,Nội khu,False,synthetic_v1_tower_stack_floor_band,synthetic,demo
930163,U-0163,Risa,Risa,A4,5,2,A4.05.02,1 PN,1PN,1,1,49.76,44.56,2769253120,2882792498,2769,AUH,57933933,64694625,0.8955,4.1,low,Đông,Nam,Hồ bơi,False,synthetic_v1_tower_stack_floor_band,synthetic,demo
930164,U-0164,Risa,Risa,A4,5,21,A4.05.21,3 PN,3PN,3,2,85.54,75.84,5944360356,6188079130,5944,AUH,72341351,81593870,0.8866,4.1,low,Đông Bắc,Đông Nam,Nội khu,False,synthetic_v1_tower_stack_floor_band,synthetic,demo
930165,U-0165,Risa,Risa,A4,6,2,A4.06.02,1 PN,1PN,1,1,49.76,44.56,2773558842,2887274754,2774,AUH,58024010,64795214,0.8955,4.1,low,Đông,Nam,Hồ bơi,False,synthetic_v1_tower_stack_floor_band,synthetic,demo
930166,U-0166,Risa,Risa,A4,6,4,A4.06.04,2 PN + 2 WC,2PN+2WC,2,2,72.66,65.11,4068465315,4235272393,4068,AUH,58288913,65047956,0.8961,4.1,low,Tây Bắc,Đông Bắc,Nội khu,False,synthetic_v1_tower_stack_floor_band,synthetic,demo
930167,U-0167,Risa,Risa,A4,6,5,A4.06.05,1 PN,1PN,1,1,49.61,44.55,3010476178,3133905701,3010,AUH,63170847,70345807,0.898,4.1,low,Bắc,Đông,Nội khu,False,synthetic_v1_tower_stack_floor_band,synthetic,demo
930168,U-0168,Risa,Risa,A4,7,2,A4.07.02,1 PN,1PN,1,1,49.76,44.56,2777864564,2891757011,2778,AUH,58114088,64895804,0.8955,4.1,low,Đông,Nam,Hồ bơi,False,synthetic_v1_tower_stack_floor_band,synthetic,demo
930169,U-0169,Risa,Risa,A4,7,4,A4.07.04,2 PN + 2 WC,2PN+2WC,2,2,72.66,65.11,4062178062,4228727362,4062,AUH,58198835,64947433,0.8961,4.1,low,Tây Bắc,Đông Bắc,Nội khu,False,synthetic_v1_tower_stack_floor_band,synthetic,demo
930170,U-0170,Risa,Risa,A4,8,21,A4.08.21,3 PN,3PN,3,2,85.54,75.84,5969896418,6214662171,5970,AUH,72652118,81944385,0.8866,4.1,low,Đông Bắc,Đông Nam,Nội khu,False,synthetic_v1_tower_stack_floor_band,synthetic,demo
930171,U-0171,Risa,Risa,A4,9,21,A4.09.21,3 PN,3PN,3,2,85.54,75.84,5978408439,6223523185,5978,AUH,72755707,82061223,0.8866,4.1,low,Đông Bắc,Đông Nam,Nội khu,False,synthetic_v1_tower_stack_floor_band,synthetic,demo
930172,U-0172,Risa,Risa,A4,10,1,A4.10.01,RISA,RISA,2,2,55.21,48.23,3235077997,3367716195,3235,AUH,60998301,69826170,0.8736,4.1,low,Đông Nam,Tây Nam,Nội khu,True,synthetic_v1_tower_stack_floor_band,synthetic,demo
930173,U-0173,Risa,Risa,A4,10,5,A4.10.05,1 PN,1PN,1,1,49.61,44.55,2993305209,3116030722,2993,AUH,62810537,69944573,0.898,4.1,low,Bắc,Đông,Nội khu,False,synthetic_v1_tower_stack_floor_band,synthetic,demo
930174,U-0174,Risa,Risa,A4,10,21,A4.10.21,3 PN,3PN,3,2,85.54,75.84,5986920460,6232384199,5987,AUH,72859296,82178062,0.8866,4.1,low,Đông Bắc,Đông Nam,Nội khu,False,synthetic_v1_tower_stack_floor_band,synthetic,demo
930175,U-0175,Risa,Risa,A4,11,5,A4.11.05,1 PN,1PN,1,1,49.61,44.73,2989012466,3111561978,2989,AUH,62720459,69563201,0.9016,4.1,low,Bắc,Đông,Nội khu,False,synthetic_v1_tower_stack_floor_band,synthetic,demo
930176,U-0176,Risa,Risa,A4,12,5,A4.12.05,1 PN,1PN,1,1,49.61,44.73,2984719724,3107093233,2985,AUH,62630382,69463296,0.9016,4.1,low,Bắc,Đông,Nội khu,False,synthetic_v1_tower_stack_floor_band,synthetic,demo
930177,U-0177,Risa,Risa,A4,13,2,A4.13.02,1 PN,1PN,1,1,49.76,44.8,2731535960,2843528934,2732,AUH,57144874,63471628,0.9003,4.1,mid,Đông,Nam,Toàn cảnh,False,synthetic_v1_tower_stack_floor_band,synthetic,demo
930178,U-0178,Risa,Risa,A4,13,3,A4.13.03,2 PN + 2 WC,2PN+2WC,2,2,72.66,65.44,3753856760,3907764887,3754,AUH,53781515,59715234,0.9006,4.1,mid,Bắc,Đông,Hồ bơi,False,synthetic_v1_tower_stack_floor_band,synthetic,demo
930179,U-0179,Risa,Risa,A4,13,5,A4.13.05,1 PN,1PN,1,1,49.61,44.73,2908481580,3027729325,2908,AUH,61030625,67689008,0.9016,4.1,mid,Bắc,Đông,Nội khu,False,synthetic_v1_tower_stack_floor_band,synthetic,demo
930180,U-0180,Risa,Risa,A4,14,1,A4.14.01,Căn hộ sân vườn,Garden,2,2,187.66,171.82,13979975574,14553154573,13980,AUH,77550648,84700003,0.9156,4.1,mid,Đông Nam,Tây Nam,Sông,True,synthetic_v1_tower_stack_floor_band,synthetic,demo
930181,U-0181,Risa,Risa,A4,14,2,A4.14.02,Căn hộ sân vườn,Garden,2,2,179.08,165.22,12585243437,13101238418,12585,AUH,73158580,79295717,0.9226,4.1,mid,Đông,Nam,Toàn cảnh,False,synthetic_v1_tower_stack_floor_band,synthetic,demo
930182,U-0182,Risa,Risa,A4,15,19,A4.15.19,3 PN,3PN,3,2,85.54,76.2,6029480564,6276689267,6029,AUH,73377242,82371250,0.8908,4.1,mid,Đông Nam,Tây Nam,Cảnh quan nội khu,False,synthetic_v1_tower_stack_floor_band,synthetic,demo
930183,U-0183,Risa,Risa,A4,17,1,A4.17.01,RISA,RISA,2,2,55.21,48.68,3268519161,3402528446,3269,AUH,61628843,69895819,0.8817,4.1,mid,Đông Nam,Tây Nam,Sông,True,synthetic_v1_tower_stack_floor_band,synthetic,demo
930184,U-0184,Risa,Risa,A4,17,21,A4.17.21,3 PN,3PN,3,2,85.54,76.2,6046504606,6294411295,6047,AUH,73584420,82603823,0.8908,4.1,mid,Đông Bắc,Đông Nam,Sông,False,synthetic_v1_tower_stack_floor_band,synthetic,demo
930185,U-0185,Risa,Risa,A4,19,1,A4.19.01,Căn hộ Loft,Loft,2,2,55.21,48.68,3908356928,4068599562,3908,AUH,73693164,83578463,0.8817,4.1,mid,Đông Nam,Tây Nam,Sông,True,synthetic_v1_tower_stack_floor_band,synthetic,demo
930186,U-0186,Risa,Risa,A4,19,3,A4.19.03,Căn hộ Loft,Loft,2,2,72.66,65.44,4654880662,4845730770,4655,AUH,66690487,74048453,0.9006,4.1,mid,Bắc,Đông,Hồ bơi,False,synthetic_v1_tower_stack_floor_band,synthetic,demo
930187,U-0187,Risa,Risa,A4,19,4,A4.19.04,2 PN + 2 WC,2PN+2WC,2,2,72.66,65.44,3986731017,4150186989,3987,AUH,57117905,63419728,0.9006,4.1,mid,Tây Bắc,Đông Bắc,Thành phố,False,synthetic_v1_tower_stack_floor_band,synthetic,demo
930188,U-0188,Risa,Risa,A4,19,5,A4.19.05,1 PN,1PN,1,1,49.61,44.73,2954670528,3075812020,2955,AUH,61999839,68763962,0.9016,4.1,mid,Bắc,Đông,Nội khu,False,synthetic_v1_tower_stack_floor_band,synthetic,demo
930189,U-0189,Risa,Risa,A4,19,7,A4.19.07,Căn hộ Loft,Loft,2,2,62.79,56.55,3764381009,3918720631,3764,AUH,62409948,69296563,0.9006,4.1,mid,Tây,Bắc,Sông,False,synthetic_v1_tower_stack_floor_band,synthetic,demo
930190,U-0190,Risa,Risa,A4,19,9,A4.19.09,Căn hộ Loft,Loft,2,2,53.94,48.96,3508512062,3652361057,3509,AUH,67711551,74598878,0.9077,4.1,mid,Nam,Tây,Hồ bơi,False,synthetic_v1_tower_stack_floor_band,synthetic,demo
930191,U-0191,Risa,Risa,A4,19,10,A4.19.10,Căn hộ Loft,Loft,2,2,67.25,59.46,4246089479,4420179147,4246,AUH,65727571,74338701,0.8842,4.1,mid,Bắc,Đông,Toàn cảnh,False,synthetic_v1_tower_stack_floor_band,synthetic,demo
930192,U-0192,Risa,Risa,A4,19,15,A4.19.15,Căn hộ Loft,Loft,2,2,62.08,56.13,3671638418,3822175593,3672,AUH,61568550,68095058,0.9042,4.1,mid,Đông Nam,Tây Nam,Sông,False,synthetic_v1_tower_stack_floor_band,synthetic,demo
930193,U-0193,Risa,Risa,A4,19,16,A4.19.16,Căn hộ Loft,Loft,2,2,62.08,56.13,3602615693,3750322937,3603,AUH,60411130,66814946,0.9042,4.1,mid,Bắc,Đông,Hồ bơi,False,synthetic_v1_tower_stack_floor_band,synthetic,demo
930194,U-0194,Risa,Risa,A4,19,18,A4.19.18,Căn hộ Loft,Loft,2,2,53.55,48.56,3305545182,3441072534,3306,AUH,64259058,70862284,0.9068,4.1,mid,Đông,Nam,Toàn cảnh,False,synthetic_v1_tower_stack_floor_band,synthetic,demo
930195,U-0195,Risa,Risa,A4,19,19,A4.19.19,Căn hộ Loft,Loft,2,2,53.55,48.56,3335314568,3472062466,3335,AUH,64837768,71500463,0.9068,4.1,mid,Đông Nam,Tây Nam,Cảnh quan nội khu,False,synthetic_v1_tower_stack_floor_band,synthetic,demo
930196,U-0196,Risa,Risa,A4,19,22,A4.19.22,Căn hộ Loft,Loft,2,2,62.71,56.79,4123858505,4292936703,4124,AUH,68456972,75593180,0.9056,4.1,mid,Tây Bắc,Đông Bắc,Hồ bơi,False,synthetic_v1_tower_stack_floor_band,synthetic,demo
930197,U-0197,Risa,Risa,A4,19,23,A4.19.23,Căn hộ Loft,Loft,2,2,63.41,56.87,3410430370,3550258015,3410,AUH,55988929,62427607,0.8969,4.1,mid,Nam,Tây,Nội khu,True,synthetic_v1_tower_stack_floor_band,synthetic,demo
930198,U-0198,Risa,Risa,A4,24,2,A4.24.02,1 PN,1PN,1,1,49.76,45.04,2851061834,2967955369,2851,AUH,59645405,65895990,0.9051,4.1,mid,Đông,Nam,Toàn cảnh,False,synthetic_v1_tower_stack_floor_band,synthetic,demo
930199,U-0199,Risa,Risa,A4,26,5,A4.26.05,1 PN,1PN,1,1,49.61,45.2,2924621332,3044530806,2925,AUH,61369297,67356876,0.9111,4.1,high,Bắc,Đông,Thành phố,False,synthetic_v1_tower_stack_floor_band,synthetic,demo
930200,U-0200,Risa,Risa,A4,27,1,A4.27.01,RISA,RISA,2,2,55.24,49.01,3317984892,3454022273,3318,AUH,62527557,70475868,0.8872,4.1,high,Đông Nam,Tây Nam,Sông,True,synthetic_v1_tower_stack_floor_band,synthetic,demo
930201,U-0201,Risa,Risa,A4,27,4,A4.27.04,2 PN + 2 WC,2PN+2WC,2,2,72.66,65.92,3425159502,3565591042,3425,AUH,49072269,54089670,0.9072,4.1,high,Tây Bắc,Đông Bắc,Thành phố,False,synthetic_v1_tower_stack_floor_band,synthetic,demo
930202,U-0202,Risa,Risa,A4,27,5,A4.27.05,1 PN,1PN,1,1,49.61,45.2,2920328589,3040062062,2920,AUH,61279219,67258010,0.9111,4.1,high,Bắc,Đông,Thành phố,False,synthetic_v1_tower_stack_floor_band,synthetic,demo
930203,U-0203,Risa,Risa,A4,28,1,A4.28.01,Căn hộ sân vườn,Garden,2,2,187.69,172.5,14556684950,15153509033,14557,AUH,80736901,87846429,0.9191,4.1,high,Đông Nam,Tây Nam,Sông,True,synthetic_v1_tower_stack_floor_band,synthetic,demo
930204,U-0204,Risa,Risa,A4,28,2,A4.28.02,Căn hộ sân vườn,Garden,2,2,178.92,165.9,12026471706,12519557046,12026,AUH,69972932,75464479,0.9272,4.1,high,Đông,Nam,Toàn cảnh,False,synthetic_v1_tower_stack_floor_band,synthetic,demo
930205,U-0205,Risa,Risa,A4,29,19,A4.29.19,3 PN,3PN,3,2,85.54,76.72,6148648856,6400743459,6149,AUH,74827490,83429920,0.8969,4.1,high,Đông Nam,Tây Nam,Hồ bơi,False,synthetic_v1_tower_stack_floor_band,synthetic,demo
930206,U-0206,Risa,Risa,A4,31,1,A4.31.01,RISA,RISA,2,2,55.24,49.01,3337104512,3473925797,3337,AUH,62887867,70881979,0.8872,4.1,high,Đông Nam,Tây Nam,Sông,True,synthetic_v1_tower_stack_floor_band,synthetic,demo
930207,U-0207,Risa,Risa,A4,31,2,A4.31.02,1 PN,1PN,1,1,49.76,45.04,2881201886,2999331164,2881,AUH,60275948,66592610,0.9051,4.1,high,Đông,Nam,Toàn cảnh,False,synthetic_v1_tower_stack_floor_band,synthetic,demo
930208,U-0208,Risa,Risa,A4,31,5,A4.31.05,1 PN,1PN,1,1,49.61,45.2,2903157620,3022187083,2903,AUH,60918909,66862546,0.9111,4.1,high,Bắc,Đông,Thành phố,False,synthetic_v1_tower_stack_floor_band,synthetic,demo
930209,U-0209,Risa,Risa,A4,32,1,A4.32.01,RISA,RISA,2,2,55.24,49.01,3341884417,3478901678,3342,AUH,62977945,70983507,0.8872,4.1,high,Đông Nam,Tây Nam,Sông,True,synthetic_v1_tower_stack_floor_band,synthetic,demo
930210,U-0210,Risa,Risa,A4,33,4,A4.33.04,2 PN + 2 WC,2PN+2WC,2,2,72.66,65.92,3898709465,4058556553,3899,AUH,55856820,61567909,0.9072,4.1,high,Tây Bắc,Đông Bắc,Thành phố,False,synthetic_v1_tower_stack_floor_band,synthetic,demo
930211,U-0211,Risa,Risa,A4,33,5,A4.33.05,1 PN,1PN,1,1,49.61,45.2,2894572136,3013249593,2895,AUH,60738754,66664814,0.9111,4.1,high,Bắc,Đông,Thành phố,False,synthetic_v1_tower_stack_floor_band,synthetic,demo
930212,U-0212,Risa,Risa,A4,34,3,A4.34.03,2 PN + 2 WC,2PN+2WC,2,2,72.66,65.76,3991262055,4154903799,3991,AUH,57182821,63182844,0.905,4.1,high,Bắc,Đông,Hồ bơi,False,synthetic_v1_tower_stack_floor_band,synthetic,demo
930213,U-0213,Risa,Risa,A4,34,5,A4.34.05,1 PN,1PN,1,1,49.61,45.2,2890279393,3008780848,2890,AUH,60648677,66565948,0.9111,4.1,high,Bắc,Đông,Thành phố,False,synthetic_v1_tower_stack_floor_band,synthetic,demo
930214,U-0214,Risa,Risa,A4,35,1,A4.35.01,RISA,RISA,2,2,55.24,49.01,3356224132,3493829322,3356,AUH,63248177,71288091,0.8872,4.1,high,Đông Nam,Tây Nam,Sông,True,synthetic_v1_tower_stack_floor_band,synthetic,demo
930215,U-0215,Risa,Risa,A4,35,4,A4.35.04,2 PN + 2 WC,2PN+2WC,2,2,72.66,65.92,3886134958,4045466491,3886,AUH,55676665,61369334,0.9072,4.1,high,Tây Bắc,Đông Bắc,Thành phố,False,synthetic_v1_tower_stack_floor_band,synthetic,demo
930216,U-0216,Risa,Risa,A4,35,5,A4.35.05,1 PN,1PN,1,1,49.61,45.2,2885986651,3004312104,2886,AUH,60558599,66467082,0.9111,4.1,high,Bắc,Đông,Thành phố,False,synthetic_v1_tower_stack_floor_band,synthetic,demo
930217,U-0217,Risa,Risa,A4,36,1,A4.36.01,RISA,RISA,2,2,55.24,49.01,3361004037,3498805203,3361,AUH,63338255,71389619,0.8872,4.1,high,Đông Nam,Tây Nam,Sông,True,synthetic_v1_tower_stack_floor_band,synthetic,demo
930218,U-0218,Risa,Risa,A4,36,2,A4.36.02,1 PN,1PN,1,1,49.76,45.04,2902730495,3021742446,2903,AUH,60726335,67090196,0.9051,4.1,high,Đông,Nam,Toàn cảnh,False,synthetic_v1_tower_stack_floor_band,synthetic,demo
930219,U-0219,Risa,Risa,A4,36,3,A4.36.03,2 PN + 2 WC,2PN+2WC,2,2,72.66,65.76,4003836562,4167993861,4004,AUH,57362976,63381902,0.905,4.1,high,Bắc,Đông,Hồ bơi,False,synthetic_v1_tower_stack_floor_band,synthetic,demo
930220,U-0220,Risa,Risa,A4,36,4,A4.36.04,2 PN + 2 WC,2PN+2WC,2,2,72.66,65.92,3879847704,4038921460,3880,AUH,55586588,61270046,0.9072,4.1,high,Tây Bắc,Đông Bắc,Thành phố,False,synthetic_v1_tower_stack_floor_band,synthetic,demo
930221,U-0221,Risa,Risa,A4,37,1,A4.37.01,RISA,RISA,2,2,55.24,49.01,3365783942,3503781084,3366,AUH,63428332,71491146,0.8872,4.1,high,Đông Nam,Tây Nam,Sông,True,synthetic_v1_tower_stack_floor_band,synthetic,demo
930222,U-0222,Risa,Risa,A4,37,2,A4.37.02,1 PN,1PN,1,1,49.76,45.04,2907036217,3026224702,2907,AUH,60816413,67189714,0.9051,4.1,high,Đông,Nam,Toàn cảnh,False,synthetic_v1_tower_stack_floor_band,synthetic,demo
930223,U-0223,Risa,Risa,A4,37,3,A4.37.03,2 PN + 2 WC,2PN+2WC,2,2,72.66,65.76,4010123816,4174538892,4010,AUH,57453054,63481431,0.905,4.1,high,Bắc,Đông,Hồ bơi,False,synthetic_v1_tower_stack_floor_band,synthetic,demo
930224,U-0224,Risa,Risa,A4,37,4,A4.37.04,2 PN + 2 WC,2PN+2WC,2,2,72.66,65.92,3873560451,4032376429,3874,AUH,55496510,61170759,0.9072,4.1,high,Tây Bắc,Đông Bắc,Thành phố,False,synthetic_v1_tower_stack_floor_band,synthetic,demo
930225,U-0225,Risa,Risa,A4,38,1,A4.38.01,RISA,RISA,2,2,55.24,49.01,3370563847,3508756965,3371,AUH,63518410,71592674,0.8872,4.1,high,Đông Nam,Tây Nam,Sông,True,synthetic_v1_tower_stack_floor_band,synthetic,demo
930226,U-0226,Risa,Risa,A4,38,2,A4.38.02,1 PN,1PN,1,1,49.76,45.04,2911341939,3030706958,2911,AUH,60906490,67289231,0.9051,4.1,high,Đông,Nam,Toàn cảnh,False,synthetic_v1_tower_stack_floor_band,synthetic,demo
930227,U-0227,Risa,Risa,A4,38,3,A4.38.03,2 PN + 2 WC,2PN+2WC,2,2,72.66,65.76,4016411070,4181083924,4016,AUH,57543131,63580960,0.905,4.1,high,Bắc,Đông,Hồ bơi,False,synthetic_v1_tower_stack_floor_band,synthetic,demo
930228,U-0228,Risa,Risa,A4,38,4,A4.38.04,2 PN + 2 WC,2PN+2WC,2,2,72.66,65.92,3867273197,4025831398,3867,AUH,55406433,61071471,0.9072,4.1,high,Tây Bắc,Đông Bắc,Thành phố,False,synthetic_v1_tower_stack_floor_band,synthetic,demo
930229,U-0229,Risa,Risa,A4,38,5,A4.38.05,1 PN,1PN,1,1,49.61,45.2,2873108424,2990905869,2873,AUH,60288367,66170484,0.9111,4.1,high,Bắc,Đông,Thành phố,False,synthetic_v1_tower_stack_floor_band,synthetic,demo
930230,U-0230,Risa,Risa,A4,38,20,A4.38.20,2 PN + 2 WC,2PN+2WC,2,2,71.81,64.95,4248778490,4422978408,4249,AUH,61592792,68098205,0.9045,4.1,high,Đông,Nam,Thành phố,False,synthetic_v1_tower_stack_floor_band,synthetic,demo
930231,U-0231,Risa,Risa,A4,38,22,A4.38.22,2 PN + 1 WC,2PN+1WC,2,1,62.71,57.28,3518081989,3662323351,3518,AUH,58400946,63937209,0.9134,4.1,high,Tây Bắc,Đông Bắc,Hồ bơi,False,synthetic_v1_tower_stack_floor_band,synthetic,demo
930232,U-0232,Risa,Risa,A4,39,1,A4.39.01,RISA,RISA,2,2,55.24,49.01,3375343752,3513732846,3375,AUH,63608487,71694202,0.8872,4.1,high,Đông Nam,Tây Nam,Sông,True,synthetic_v1_tower_stack_floor_band,synthetic,demo
930233,U-0233,Risa,Risa,A4,39,2,A4.39.02,1 PN,1PN,1,1,49.76,45.04,2915647661,3035189215,2916,AUH,60996568,67388748,0.9051,4.1,high,Đông,Nam,Toàn cảnh,False,synthetic_v1_tower_stack_floor_band,synthetic,demo
930234,U-0234,Risa,Risa,A4,39,3,A4.39.03,2 PN + 2 WC,2PN+2WC,2,2,72.66,65.76,4022698323,4187628955,4023,AUH,57633209,63680489,0.905,4.1,high,Bắc,Đông,Hồ bơi,False,synthetic_v1_tower_stack_floor_band,synthetic,demo
930235,U-0235,Zenia,Zenia,B3,4,11,B3.04.11,2 PN,2PN,2,2,66.25,59.53,3376279288,3433676036,3376,MEGA REALTY,51829072,57679759,0.8986,1.7,low,Tây Bắc,Đông Bắc,Nội khu,False,synthetic_v1_tower_stack_floor_band,synthetic,demo
930236,U-0236,Zenia,Zenia,B3,4,12,B3.04.12,2 PN,2PN,2,2,66.25,59.53,3376279288,3433676036,3376,MEGA REALTY,51829072,57679759,0.8986,1.7,low,Nam,Tây,Nội khu,False,synthetic_v1_tower_stack_floor_band,synthetic,demo
930237,U-0237,Zenia,Zenia,B3,4,13,B3.04.13,2 PN,2PN,2,2,66.45,59.61,3255366030,3310707253,3255,MEGA REALTY,49822532,55539461,0.8971,1.7,low,Tây,Bắc,Hồ bơi,False,synthetic_v1_tower_stack_floor_band,synthetic,demo
930238,U-0238,Zenia,Zenia,B3,4,14,B3.04.14,2 PN,2PN,2,2,66.45,59.61,3333973060,3390650602,3334,MEGA REALTY,51025592,56880567,0.8971,1.7,low,Tây Bắc,Đông Bắc,Nội khu,False,synthetic_v1_tower_stack_floor_band,synthetic,demo
930239,U-0239,Zenia,Zenia,B3,4,15,B3.04.15,2 PN,2PN,2,2,66.25,59.53,3376279288,3433676036,3376,MEGA REALTY,51829072,57679759,0.8986,1.7,low,Bắc,Đông,Nội khu,False,synthetic_v1_tower_stack_floor_band,synthetic,demo
930240,U-0240,Zenia,Zenia,B3,4,16,B3.04.16,2 PN,2PN,2,2,66.72,60.18,3400010665,3457810847,3400,MEGA REALTY,51825702,57457807,0.902,1.7,low,Tây Nam,Tây Bắc,Nội khu,False,synthetic_v1_tower_stack_floor_band,synthetic,demo
930241,U-0241,Zenia,Zenia,B3,4,18,B3.04.18,2 PN,2PN,2,2,71.81,63.25,3543752907,3603996706,3544,MEGA REALTY,50187950,56980185,0.8808,1.7,low,Tây Nam,Tây Bắc,Cảnh quan nội khu,False,synthetic_v1_tower_stack_floor_band,synthetic,demo
930242,U-0242,Zenia,Zenia,B3,4,20,B3.04.20,1 PN+,1PN+,1,1,53.55,48.22,2666883217,2712220232,2667,MEGA REALTY,50648370,56246790,0.9005,1.7,low,Tây Bắc,Đông Bắc,Cảnh quan nội khu,True,synthetic_v1_tower_stack_floor_band,synthetic,demo
930243,U-0243,Zenia,Zenia,B3,5,9,B3.05.09,2 PN,2PN,2,2,67.77,59.68,3591425166,3652479394,3591,MEGA REALTY,53895225,61201062,0.8806,1.7,low,Đông Bắc,Đông Nam,Nội khu,False,synthetic_v1_tower_stack_floor_band,synthetic,demo
930244,U-0244,Zenia,Zenia,B3,5,13,B3.05.13,2 PN,2PN,2,2,66.45,59.61,3260056250,3315477206,3260,MEGA REALTY,49894315,55619480,0.8971,1.7,low,Tây,Bắc,Hồ bơi,False,synthetic_v1_tower_stack_floor_band,synthetic,demo
930245,U-0245,Zenia,Zenia,B3,6,11,B3.06.11,2 PN,2PN,2,2,66.25,59.53,3385631494,3443187229,3386,MEGA REALTY,51972637,57839530,0.8986,1.7,low,Tây Bắc,Đông Bắc,Nội khu,False,synthetic_v1_tower_stack_floor_band,synthetic,demo
930246,U-0246,Zenia,Zenia,B3,7,13,B3.07.13,2 PN,2PN,2,2,66.45,59.61,3269436689,3325017112,3269,MEGA REALTY,50037880,55779519,0.8971,1.7,low,Tây,Bắc,Hồ bơi,False,synthetic_v1_tower_stack_floor_band,synthetic,demo
930247,U-0247,Zenia,Zenia,B3,7,14,B3.07.14,2 PN,2PN,2,2,66.45,59.61,3348043718,3404960462,3348,MEGA REALTY,51240940,57120625,0.8971,1.7,low,Tây Bắc,Đông Bắc,Nội khu,False,synthetic_v1_tower_stack_floor_band,synthetic,demo
930248,U-0248,Zenia,Zenia,B3,7,17,B3.07.17,3 PN,3PN,3,2,82.65,73.01,5075926368,5162217116,5076,MEGA REALTY,62458767,70705617,0.8834,1.7,low,Nam,Tây,Hồ bơi,False,synthetic_v1_tower_stack_floor_band,synthetic,demo
930249,U-0249,Zenia,Zenia,B3,8,13,B3.08.13,2 PN,2PN,2,2,66.45,59.61,3274126908,3329787066,3274,MEGA REALTY,50109662,55859538,0.8971,1.7,low,Tây,Bắc,Hồ bơi,False,synthetic_v1_tower_stack_floor_band,synthetic,demo
930250,U-0250,Zenia,Zenia,B3,8,17,B3.08.17,3 PN,3PN,3,2,82.65,73.01,5082635075,5169039872,5083,MEGA REALTY,62541317,70799067,0.8834,1.7,low,Nam,Tây,Hồ bơi,False,synthetic_v1_tower_stack_floor_band,synthetic,demo
930251,U-0251,Zenia,Zenia,B3,9,12,B3.09.12,2 PN,2PN,2,2,66.25,59.53,3399659803,3457454019,3400,MEGA REALTY,52187985,58079187,0.8986,1.7,low,Nam,Tây,Nội khu,False,synthetic_v1_tower_stack_floor_band,synthetic,demo
930252,U-0252,Zenia,Zenia,B3,9,16,B3.09.16,2 PN,2PN,2,2,66.72,60.18,3423557049,3481757519,3424,VNL,52184615,57855725,0.902,1.7,low,Tây Nam,Tây Bắc,Nội khu,False,synthetic_v1_tower_stack_floor_band,observed,demo
930253,U-0253,Zenia,Zenia,B3,11,17,B3.11.17,3 PN,3PN,3,2,82.65,73.38,5102761199,5189508139,5103,MEGA REALTY,62788967,70721016,0.8878,1.7,low,Nam,Tây,Hồ bơi,False,synthetic_v1_tower_stack_floor_band,synthetic,demo
930254,U-0254,Zenia,Zenia,B3,12,13,B3.12.13,2 PN,2PN,2,2,66.45,60.05,3292887786,3348866878,3293,MEGA REALTY,50396793,55767975,0.9037,1.7,low,Tây,Bắc,Hồ bơi,False,synthetic_v1_tower_stack_floor_band,synthetic,demo
930255,U-0255,Zenia,Zenia,B3,12,17,B3.12.17,3 PN,3PN,3,2,82.65,73.38,5109469907,5196330895,5109,MEGA REALTY,62871517,70813994,0.8878,1.7,low,Nam,Tây,Hồ bơi,False,synthetic_v1_tower_stack_floor_band,synthetic,demo
930256,U-0256,Zenia,Zenia,B3,13,1,B3.13.01,Căn hộ sân vườn,Garden,2,2,132.16,120.39,8532294565,8677343572,8532,MEGA REALTY,65657866,72076946,0.9109,1.7,mid,Tây,Bắc,Toàn cảnh,True,synthetic_v1_tower_stack_floor_band,synthetic,demo
930257,U-0257,Zenia,Zenia,B3,13,2,B3.13.02,Căn hộ sân vườn,Garden,2,2,119.62,110.22,7298056385,7422123343,7298,MEGA REALTY,62047512,67339170,0.9214,1.7,mid,Tây Bắc,Đông Bắc,Thành phố,False,synthetic_v1_tower_stack_floor_band,synthetic,demo
930258,U-0258,Zenia,Zenia,B3,13,8,B3.13.08,2 PN,2PN,2,2,66.3,59.76,3420920591,3479076241,3421,MEGA REALTY,52474755,58217474,0.9014,1.7,mid,Tây Nam,Tây Bắc,Toàn cảnh,False,synthetic_v1_tower_stack_floor_band,synthetic,demo
930259,U-0259,Zenia,Zenia,B3,13,14,B3.13.14,2 PN,2PN,2,2,66.76,60.43,3391790095,3449450526,3392,MEGA REALTY,51669421,57081756,0.9052,1.7,mid,Tây Bắc,Đông Bắc,Nội khu,False,synthetic_v1_tower_stack_floor_band,synthetic,demo
930260,U-0260,Zenia,Zenia,B3,13,15,B3.13.15,3 PN,3PN,3,2,82.65,73.38,5116178614,5203153651,5116,MEGA REALTY,62954067,70906973,0.8878,1.7,mid,Bắc,Đông,Nội khu,False,synthetic_v1_tower_stack_floor_band,synthetic,demo
930261,U-0261,Zenia,Zenia,B3,14,7,B3.14.07,2 PN,2PN,2,2,67.92,60.29,3642451119,3704372788,3642,MEGA REALTY,54540235,61442574,0.8877,1.7,mid,Tây,Bắc,Hồ bơi,False,synthetic_v1_tower_stack_floor_band,synthetic,demo
930262,U-0262,Zenia,Zenia,B3,14,8,B3.14.08,2 PN,2PN,2,2,66.3,59.76,3425600223,3483835427,3426,MEGA REALTY,52546537,58297112,0.9014,1.7,mid,Tây Nam,Tây Bắc,Toàn cảnh,False,synthetic_v1_tower_stack_floor_band,synthetic,demo
930263,U-0263,Zenia,Zenia,B3,14,11,B3.14.11,2 PN,2PN,2,2,66.45,60.05,3354672911,3411702351,3355,MEGA REALTY,51342398,56814361,0.9037,1.7,mid,Tây Bắc,Đông Bắc,Thành phố,False,synthetic_v1_tower_stack_floor_band,synthetic,demo
930264,U-0264,Zenia,Zenia,B3,14,13,B3.14.13,2 PN,2PN,2,2,66.29,59.97,3372809737,3430147502,3373,MEGA REALTY,51744569,57197724,0.9047,1.7,mid,Tây,Bắc,Hồ bơi,False,synthetic_v1_tower_stack_floor_band,synthetic,demo
930265,U-0265,Zenia,Zenia,B3,14,14,B3.14.14,2 PN,2PN,2,2,66.76,60.43,3396502195,3454242732,3397,MEGA REALTY,51741203,57161058,0.9052,1.7,mid,Tây Bắc,Đông Bắc,Nội khu,False,synthetic_v1_tower_stack_floor_band,synthetic,demo
930266,U-0266,Zenia,Zenia,B3,14,15,B3.14.15,3 PN,3PN,3,2,82.65,73.38,5122887322,5209976407,5123,MEGA REALTY,63036617,70999951,0.8878,1.7,mid,Bắc,Đông,Nội khu,False,synthetic_v1_tower_stack_floor_band,synthetic,demo
930267,U-0267,Zenia,Zenia,B3,15,9,B3.15.09,2 PN,2PN,2,2,66.29,59.97,3429767168,3488073210,3430,MEGA REALTY,52618392,58163635,0.9047,1.7,mid,Đông Bắc,Đông Nam,Nội khu,False,synthetic_v1_tower_stack_floor_band,synthetic,demo
930268,U-0268,Zenia,Zenia,B3,16,13,B3.16.13,2 PN,2PN,2,2,66.29,59.97,3382167589,3439664438,3382,Rever,51888135,57356419,0.9047,1.7,mid,Tây,Bắc,Hồ bơi,False,synthetic_v1_tower_stack_floor_band,observed,demo
930269,U-0269,Zenia,Zenia,B3,16,15,B3.16.15,3 PN,3PN,3,2,82.65,73.38,5136304738,5223621918,5136,MEGA REALTY,63201717,71185908,0.8878,1.7,mid,Bắc,Đông,Nội khu,False,synthetic_v1_tower_stack_floor_band,synthetic,demo
930270,U-0270,Zenia,Zenia,B3,17,13,B3.17.13,2 PN,2PN,2,2,66.45,60.05,3394945913,3452659993,3395,MEGA REALTY,51958766,57496420,0.9037,1.7,mid,Tây,Bắc,Hồ bơi,False,synthetic_v1_tower_stack_floor_band,synthetic,demo
930271,U-0271,Zenia,Zenia,B3,17,14,B3.17.14,2 PN,2PN,2,2,66.45,60.05,3394945913,3452659993,3395,MEGA REALTY,51958766,57496420,0.9037,1.7,mid,Tây Bắc,Đông Bắc,Nội khu,False,synthetic_v1_tower_stack_floor_band,synthetic,demo
930272,U-0272,Zenia,Zenia,B3,17,17,B3.17.17,3 PN,3PN,3,2,82.65,73.38,5143013445,5230444674,5143,MEGA REALTY,63284267,71278886,0.8878,1.7,mid,Nam,Tây,Hồ bơi,False,synthetic_v1_tower_stack_floor_band,synthetic,demo
930273,U-0273,Zenia,Zenia,B3,19,1,B3.19.01,Căn hộ Loft,Loft,2,2,55.23,48.68,3529786010,3589792372,3530,MEGA REALTY,64997146,73742653,0.8814,1.7,mid,Tây,Bắc,Toàn cảnh,True,synthetic_v1_tower_stack_floor_band,synthetic,demo
930274,U-0274,Zenia,Zenia,B3,19,2,B3.19.02,Căn hộ Loft,Loft,2,2,66.28,59.32,4196765495,4268110508,4197,MEGA REALTY,64395149,71950615,0.895,1.7,mid,Tây Bắc,Đông Bắc,Thành phố,False,synthetic_v1_tower_stack_floor_band,synthetic,demo
930275,U-0275,Zenia,Zenia,B3,19,9,B3.19.09,Căn hộ Loft,Loft,2,2,67.92,60.29,4599443298,4677633834,4599,MEGA REALTY,68869756,77585567,0.8877,1.7,mid,Đông Bắc,Đông Nam,Nội khu,False,synthetic_v1_tower_stack_floor_band,synthetic,demo
930276,U-0276,Zenia,Zenia,B3,19,12,B3.19.12,Căn hộ Loft,Loft,2,2,66.29,59.97,4327383395,4400948913,4327,MEGA REALTY,66389333,73385841,0.9047,1.7,mid,Nam,Tây,Nội khu,False,synthetic_v1_tower_stack_floor_band,synthetic,demo
930277,U-0277,Zenia,Zenia,B3,19,13,B3.19.13,Căn hộ Loft,Loft,2,2,66.45,60.05,4272595036,4345229152,4273,MEGA REALTY,65390958,72360186,0.9037,1.7,mid,Tây,Bắc,Hồ bơi,False,synthetic_v1_tower_stack_floor_band,synthetic,demo
930278,U-0278,Zenia,Zenia,B3,19,15,B3.19.15,Căn hộ Loft,Loft,2,2,66.29,59.97,4327383395,4400948913,4327,MEGA REALTY,66389333,73385841,0.9047,1.7,mid,Bắc,Đông,Nội khu,False,synthetic_v1_tower_stack_floor_band,synthetic,demo
930279,U-0279,Zenia,Zenia,B3,19,16,B3.19.16,Căn hộ Loft,Loft,2,2,66.76,60.43,4357825921,4431908962,4358,MEGA REALTY,66385694,73339549,0.9052,1.7,mid,Tây Nam,Tây Bắc,Nội khu,False,synthetic_v1_tower_stack_floor_band,synthetic,demo
930280,U-0280,Zenia,Zenia,B3,21,17,B3.21.17,3 PN,3PN,3,2,82.65,73.9,5169848277,5257735697,5170,MEGA REALTY,63614467,71146626,0.8941,1.7,mid,Nam,Tây,Hồ bơi,False,synthetic_v1_tower_stack_floor_band,synthetic,demo
930281,U-0281,Zenia,Zenia,B3,22,14,B3.22.14,2 PN,2PN,2,2,66.45,60.42,3418397010,3476509759,3418,MEGA REALTY,52317679,57539056,0.9093,1.7,mid,Tây Bắc,Đông Bắc,Nội khu,False,synthetic_v1_tower_stack_floor_band,synthetic,demo
930282,U-0282,Zenia,Zenia,B3,22,17,B3.22.17,3 PN,3PN,3,2,82.65,73.9,5176556984,5264558453,5177,MEGA REALTY,63697017,71238951,0.8941,1.7,mid,Nam,Tây,Hồ bơi,False,synthetic_v1_tower_stack_floor_band,synthetic,demo
930283,U-0283,Zenia,Zenia,B3,24,13,B3.24.13,2 PN,2PN,2,2,66.45,60.42,3349170419,3406106316,3349,MEGA REALTY,51258184,56373822,0.9093,1.7,mid,Tây,Bắc,Hồ bơi,False,synthetic_v1_tower_stack_floor_band,synthetic,demo
930284,U-0284,Zenia,Zenia,B3,25,17,B3.25.17,3 PN,3PN,3,2,82.65,73.9,5196683108,5285026721,5197,MEGA REALTY,63944667,71515923,0.8941,1.7,mid,Nam,Tây,Hồ bơi,False,synthetic_v1_tower_stack_floor_band,synthetic,demo
930285,U-0285,Zenia,Zenia,B3,26,13,B3.26.13,2 PN,2PN,2,2,66.45,60.42,3358550858,3415646223,3359,MEGA REALTY,51401749,56531715,0.9093,1.7,high,Tây,Bắc,Toàn cảnh,False,synthetic_v1_tower_stack_floor_band,synthetic,demo
930286,U-0286,Zenia,Zenia,B3,27,1,B3.27.01,Căn hộ sân vườn,Garden,2,2,132.18,121.08,8695966480,8843797910,8696,MEGA REALTY,66907232,73040947,0.916,1.7,high,Tây,Bắc,Toàn cảnh,True,synthetic_v1_tower_stack_floor_band,synthetic,demo
930287,U-0287,Zenia,Zenia,B3,27,2,B3.27.02,Căn hộ sân vườn,Garden,2,2,119.46,110.38,7141580767,7262987640,7142,MEGA REALTY,60798490,65799852,0.924,1.7,high,Tây Bắc,Đông Bắc,Thành phố,False,synthetic_v1_tower_stack_floor_band,synthetic,demo
930288,U-0288,Zenia,Zenia,B3,27,14,B3.27.14,2 PN,2PN,2,2,66.8,60.7,3459812578,3518629392,3460,MEGA REALTY,52674093,57967535,0.9087,1.7,high,Tây Bắc,Đông Bắc,Sông,False,synthetic_v1_tower_stack_floor_band,synthetic,demo
930289,U-0289,Zenia,Zenia,B3,27,15,B3.27.15,3 PN,3PN,3,2,82.65,73.9,5210100523,5298672232,5210,MEGA REALTY,64109767,71700571,0.8941,1.7,high,Bắc,Đông,Sông,False,synthetic_v1_tower_stack_floor_band,synthetic,demo
930290,U-0290,Zenia,Zenia,B3,28,7,B3.28.07,2 PN,2PN,2,2,68.06,60.77,3717148883,3780340414,3717,MEGA REALTY,55544232,62207346,0.8929,1.7,high,Tây,Bắc,Toàn cảnh,False,synthetic_v1_tower_stack_floor_band,synthetic,demo
930291,U-0291,Zenia,Zenia,B3,28,11,B3.28.11,2 PN,2PN,2,2,66.45,60.42,3420335983,3478481695,3420,MEGA REALTY,52347354,57571693,0.9093,1.7,high,Tây Bắc,Đông Bắc,Thành phố,False,synthetic_v1_tower_stack_floor_band,synthetic,demo
930292,U-0292,Zenia,Zenia,B3,28,12,B3.28.12,2 PN,2PN,2,2,66.45,60.42,3498943013,3558425044,3499,MEGA REALTY,53550415,58894820,0.9093,1.7,high,Nam,Tây,Thành phố,False,synthetic_v1_tower_stack_floor_band,synthetic,demo
930293,U-0293,Zenia,Zenia,B3,29,13,B3.29.13,2 PN,2PN,2,2,66.33,60.42,3445052359,3503618249,3445,MEGA REALTY,52821020,57987723,0.9109,1.7,high,Tây,Bắc,Toàn cảnh,False,synthetic_v1_tower_stack_floor_band,synthetic,demo
930294,U-0294,Zenia,Zenia,B3,30,7,B3.30.07,2 PN,2PN,2,2,68.06,60.77,3726756598,3790111460,3727,MEGA REALTY,55687797,62368133,0.8929,1.7,high,Tây,Bắc,Toàn cảnh,False,synthetic_v1_tower_stack_floor_band,synthetic,demo
930295,U-0295,Zenia,Zenia,B3,30,11,B3.30.11,2 PN,2PN,2,2,66.45,60.42,3429716422,3488021601,3430,MEGA REALTY,52490920,57729586,0.9093,1.7,high,Tây Bắc,Đông Bắc,Thành phố,False,synthetic_v1_tower_stack_floor_band,synthetic,demo
930296,U-0296,Zenia,Zenia,B3,30,13,B3.30.13,2 PN,2PN,2,2,66.33,60.42,3449734109,3508379588,3450,MEGA REALTY,52892802,58066527,0.9109,1.7,high,Tây,Bắc,Toàn cảnh,False,synthetic_v1_tower_stack_floor_band,synthetic,demo
930297,U-0297,Zenia,Zenia,B3,30,15,B3.30.15,3 PN,3PN,3,2,82.65,73.9,5230226647,5319140500,5230,MEGA REALTY,64357417,71977544,0.8941,1.7,high,Bắc,Đông,Sông,False,synthetic_v1_tower_stack_floor_band,synthetic,demo
930298,U-0298,Zenia,Zenia,B3,31,17,B3.31.17,3 PN,3PN,3,2,82.65,74.27,5236935354,5325963255,5237,MEGA REALTY,64439967,71710829,0.8986,1.7,high,Nam,Tây,Toàn cảnh,False,synthetic_v1_tower_stack_floor_band,synthetic,demo
930299,U-0299,Zenia,Zenia,B3,32,15,B3.32.15,2 PN,2PN,2,2,66.37,60.75,3513506402,3573236011,3514,MEGA REALTY,53838120,58818700,0.9153,1.7,high,Bắc,Đông,Sông,False,synthetic_v1_tower_stack_floor_band,synthetic,demo
930300,U-0300,Zenia,Zenia,B3,33,12,B3.33.12,2 PN,2PN,2,2,66.37,60.75,3518190975,3578000222,3518,MEGA REALTY,53909902,58897123,0.9153,1.7,high,Nam,Tây,Thành phố,False,synthetic_v1_tower_stack_floor_band,synthetic,demo
930301,U-0301,Zenia,Zenia,B3,33,13,B3.33.13,2 PN,2PN,2,2,66.45,60.75,3391382394,3449035895,3391,MEGA REALTY,51904227,56774253,0.9142,1.7,high,Tây,Bắc,Toàn cảnh,False,synthetic_v1_tower_stack_floor_band,synthetic,demo
930302,U-0302,Zenia,Zenia,B3,33,14,B3.33.14,2 PN,2PN,2,2,66.45,60.75,3469989424,3528979244,3470,MEGA REALTY,53107287,58090193,0.9142,1.7,high,Tây Bắc,Đông Bắc,Sông,False,synthetic_v1_tower_stack_floor_band,synthetic,demo
930303,U-0303,Zenia,Zenia,B3,33,17,B3.33.17,3 PN,3PN,3,2,82.65,74.27,5250352770,5339608767,5250,MEGA REALTY,64605067,71894557,0.8986,1.7,high,Nam,Tây,Toàn cảnh,False,synthetic_v1_tower_stack_floor_band,synthetic,demo
930304,U-0304,Zenia,Zenia,B3,34,1,B3.34.01,1 PN+,1PN+,1,1,55.24,49.01,2997726560,3048687912,2998,MEGA REALTY,55189861,62205426,0.8872,1.7,high,Tây,Bắc,Toàn cảnh,True,synthetic_v1_tower_stack_floor_band,synthetic,demo
930305,U-0305,Zenia,Zenia,B3,34,9,B3.34.09,2 PN,2PN,2,2,68.14,61.27,3750338537,3814094292,3750,MEGA REALTY,55974381,62250600,0.8992,1.7,high,Đông Bắc,Đông Nam,Thành phố,False,synthetic_v1_tower_stack_floor_band,synthetic,demo
930306,U-0306,Zenia,Zenia,B3,34,11,B3.34.11,2 PN,2PN,2,2,66.37,60.75,3522875548,3582764432,3523,MEGA REALTY,53981685,58975546,0.9153,1.7,high,Tây Bắc,Đông Bắc,Thành phố,False,synthetic_v1_tower_stack_floor_band,synthetic,demo
930307,U-0307,Zenia,Zenia,B3,35,12,B3.35.12,2 PN,2PN,2,2,66.37,60.75,3527560121,3587528643,3528,MEGA REALTY,54053468,59053969,0.9153,1.7,high,Nam,Tây,Thành phố,False,synthetic_v1_tower_stack_floor_band,synthetic,demo
930308,U-0308,Zenia,Zenia,B3,35,13,B3.35.13,2 PN,2PN,2,2,66.45,60.75,3400762833,3458575801,3401,MEGA REALTY,52047792,56931289,0.9142,1.7,high,Tây,Bắc,Toàn cảnh,False,synthetic_v1_tower_stack_floor_band,synthetic,demo
930309,U-0309,Zenia,Zenia,B3,35,14,B3.35.14,2 PN,2PN,2,2,66.45,60.75,3479369863,3538519150,3479,MEGA REALTY,53250853,58247229,0.9142,1.7,high,Tây Bắc,Đông Bắc,Sông,False,synthetic_v1_tower_stack_floor_band,synthetic,demo
930310,U-0310,Zenia,Zenia,B3,35,15,B3.35.15,2 PN,2PN,2,2,66.37,60.75,3527560121,3587528643,3528,MEGA REALTY,54053468,59053969,0.9153,1.7,high,Bắc,Đông,Sông,False,synthetic_v1_tower_stack_floor_band,synthetic,demo
930311,U-0311,Zenia,Zenia,B3,35,16,B3.35.16,2 PN,2PN,2,2,66.84,60.89,3552319888,3612709326,3552,MEGA REALTY,54050110,59331735,0.911,1.7,high,Tây Nam,Tây Bắc,Thành phố,False,synthetic_v1_tower_stack_floor_band,synthetic,demo
930312,U-0312,Zenia,Zenia,B3,36,1,B3.36.01,1 PN+,1PN+,1,1,55.24,49.01,3005524535,3056618452,3006,MEGA REALTY,55333426,62367240,0.8872,1.7,high,Tây,Bắc,Toàn cảnh,True,synthetic_v1_tower_stack_floor_band,synthetic,demo
930313,U-0313,Zenia,Zenia,B3,36,12,B3.36.12,2 PN,2PN,2,2,66.37,60.75,3532244694,3592292853,3532,MEGA REALTY,54125250,59132393,0.9153,1.7,high,Nam,Tây,Thành phố,False,synthetic_v1_tower_stack_floor_band,synthetic,demo
930314,U-0314,Zenia,Zenia,B3,36,17,B3.36.17,3 PN,3PN,3,2,82.65,74.27,5270478893,5360077034,5270,MEGA REALTY,64852717,72170150,0.8986,1.7,high,Nam,Tây,Toàn cảnh,False,synthetic_v1_tower_stack_floor_band,synthetic,demo
930315,U-0315,Zenia,Zenia,B3,37,1,B3.37.01,1 PN+,1PN+,1,1,55.24,49.01,3009423523,3060583722,3009,MEGA REALTY,55405209,62448148,0.8872,1.7,high,Tây,Bắc,Toàn cảnh,True,synthetic_v1_tower_stack_floor_band,synthetic,demo
930316,U-0316,Zenia,Zenia,B3,37,13,B3.37.13,2 PN,2PN,2,2,66.45,60.75,3410143272,3468115708,3410,MEGA REALTY,52191358,57088324,0.9142,1.7,high,Tây,Bắc,Toàn cảnh,False,synthetic_v1_tower_stack_floor_band,synthetic,demo
930317,U-0317,Zenia,Zenia,B3,37,14,B3.37.14,2 PN,2PN,2,2,66.45,60.75,3488750302,3548059057,3489,MEGA REALTY,53394418,58404264,0.9142,1.7,high,Tây Bắc,Đông Bắc,Sông,False,synthetic_v1_tower_stack_floor_band,synthetic,demo
930318,U-0318,Zenia,Zenia,B3,37,15,B3.37.15,2 PN,2PN,2,2,66.37,60.75,3536929266,3597057064,3537,MEGA REALTY,54197033,59210816,0.9153,1.7,high,Bắc,Đông,Sông,False,synthetic_v1_tower_stack_floor_band,synthetic,demo
930319,U-0319,Zenia,Zenia,B3,37,17,B3.37.17,3 PN,3PN,3,2,82.65,74.27,5277187601,5366899790,5277,MEGA REALTY,64935267,72262014,0.8986,1.7,high,Nam,Tây,Toàn cảnh,False,synthetic_v1_tower_stack_floor_band,synthetic,demo
930320,U-0320,Zenia,Zenia,B3,38,9,B3.38.09,2 PN,2PN,2,2,68.14,61.27,3769576553,3833659355,3770,MEGA REALTY,56261511,62569926,0.8992,1.7,high,Đông Bắc,Đông Nam,Thành phố,False,synthetic_v1_tower_stack_floor_band,synthetic,demo
930321,U-0321,Zenia,Zenia,B3,39,2,B3.39.02,2 PN,2PN,2,2,66.28,59.64,3436990533,3495419372,3437,MEGA REALTY,52737166,58608641,0.8998,1.7,high,Tây Bắc,Đông Bắc,Thành phố,False,synthetic_v1_tower_stack_floor_band,synthetic,demo
930322,U-0322,Zenia,Zenia,B3,39,11,B3.39.11,2 PN,2PN,2,2,66.37,60.75,3546298412,3606585485,3546,MEGA REALTY,54340598,59367662,0.9153,1.7,high,Tây Bắc,Đông Bắc,Thành phố,False,synthetic_v1_tower_stack_floor_band,synthetic,demo
930323,U-0323,Zenia,Zenia,B3,39,13,B3.39.13,2 PN,2PN,2,2,66.45,60.75,3419523711,3477655614,3420,MEGA REALTY,52334923,57245360,0.9142,1.7,high,Tây,Bắc,Toàn cảnh,False,synthetic_v1_tower_stack_floor_band,synthetic,demo
930324,U-0324,Zenia,Zenia,B3,39,14,B3.39.14,2 PN,2PN,2,2,66.45,60.75,3498130740,3557598963,3498,MEGA REALTY,53537983,58561300,0.9142,1.7,high,Tây Bắc,Đông Bắc,Sông,False,synthetic_v1_tower_stack_floor_band,synthetic,demo
930325,U-0325,Zenia,Zenia,B3,39,15,B3.39.15,2 PN,2PN,2,2,66.37,60.75,3546298412,3606585485,3546,MEGA REALTY,54340598,59367662,0.9153,1.7,high,Bắc,Đông,Sông,False,synthetic_v1_tower_stack_floor_band,synthetic,demo
930326,U-0326,Zenia,Zenia,B3,39,16,B3.39.16,2 PN,2PN,2,2,66.84,60.89,3571190874,3631901119,3571,MEGA REALTY,54337240,59646923,0.911,1.7,high,Tây Nam,Tây Bắc,Thành phố,False,synthetic_v1_tower_stack_floor_band,synthetic,demo
930327,U-0327,Zenia,Zenia,B4,4,3,B4.04.03,2 PN,2PN,2,2,76.91,69.16,4033590509,4102161547,4034,VSH,53337167,59314077,0.8992,1.7,low,Nam,Tây,Nội khu,True,synthetic_v1_tower_stack_floor_band,synthetic,demo
930328,U-0328,Zenia,Zenia,B4,4,8,B4.04.08,3 PN,3PN,3,2,85.55,76.02,5193309376,5281595635,5193,VSH,61736945,69476396,0.8886,1.7,low,Đông Nam,Tây Nam,Nội khu,False,synthetic_v1_tower_stack_floor_band,synthetic,demo
930329,U-0329,Zenia,Zenia,B4,4,9,B4.04.09,2 PN,2PN,2,2,71.81,63.55,3770279952,3834374711,3770,VSH,53396111,60336345,0.885,1.7,low,Đông Bắc,Đông Nam,Nội khu,False,synthetic_v1_tower_stack_floor_band,synthetic,demo
930330,U-0330,Zenia,Zenia,B4,4,17,B4.04.17,2 PN,2PN,2,2,67.25,59.19,3504362653,3563936818,3504,VSH,52995343,60211806,0.8801,1.7,low,Đông Bắc,Đông Nam,Cảnh quan nội khu,False,synthetic_v1_tower_stack_floor_band,synthetic,demo
930331,U-0331,Zenia,Zenia,B4,4,19,B4.04.19,1 PN+,1PN+,1,1,53.94,48.78,3109893817,3162762012,3110,VSH,58634817,64837270,0.9043,1.7,low,Đông Bắc,Đông Nam,Cảnh quan nội khu,False,synthetic_v1_tower_stack_floor_band,synthetic,demo
930332,U-0332,Zenia,Zenia,B4,5,3,B4.05.03,2 PN,2PN,2,2,76.91,69.16,4028161994,4096640748,4028,VSH,53265385,59234250,0.8992,1.7,low,Nam,Tây,Nội khu,True,synthetic_v1_tower_stack_floor_band,synthetic,demo
930333,U-0333,Zenia,Zenia,B4,5,4,B4.05.04,2 PN,2PN,2,2,76.91,69.16,3586359778,3647327895,3586,VSH,47423325,52737535,0.8992,1.7,low,Tây Bắc,Đông Bắc,Cảnh quan nội khu,False,synthetic_v1_tower_stack_floor_band,synthetic,demo
930334,U-0334,Zenia,Zenia,B4,5,8,B4.05.08,3 PN,3PN,3,2,85.55,76.02,5200253477,5288657786,5200,VSH,61819495,69569295,0.8886,1.7,low,Đông Nam,Tây Nam,Nội khu,False,synthetic_v1_tower_stack_floor_band,synthetic,demo
930335,U-0335,Zenia,Zenia,B4,5,9,B4.05.09,2 PN,2PN,2,2,71.81,63.55,3775348494,3839529419,3775,VSH,53467893,60417457,0.885,1.7,low,Đông Bắc,Đông Nam,Nội khu,False,synthetic_v1_tower_stack_floor_band,synthetic,demo
930336,U-0336,Zenia,Zenia,B4,5,19,B4.05.19,1 PN+,1PN+,1,1,53.94,48.78,3106086587,3158890059,3106,VSH,58563034,64757894,0.9043,1.7,low,Đông Bắc,Đông Nam,Cảnh quan nội khu,False,synthetic_v1_tower_stack_floor_band,synthetic,demo
930337,U-0337,Zenia,Zenia,B4,5,20,B4.05.20,1 PN+,1PN+,1,1,53.94,48.78,2999739379,3050734949,3000,VAL,56557934,62540692,0.9043,1.7,low,Tây Bắc,Đông Bắc,Hồ bơi,False,synthetic_v1_tower_stack_floor_band,observed,demo
930338,U-0338,Zenia,Zenia,B4,6,3,B4.06.03,2 PN,2PN,2,2,76.91,69.16,4022733480,4091119949,4023,VSH,53193602,59154424,0.8992,1.7,low,Nam,Tây,Nội khu,True,synthetic_v1_tower_stack_floor_band,synthetic,demo
930339,U-0339,Zenia,Zenia,B4,6,8,B4.06.08,3 PN,3PN,3,2,85.55,76.02,5207197578,5295719937,5207,VSH,61902045,69662193,0.8886,1.7,low,Đông Nam,Tây Nam,Nội khu,False,synthetic_v1_tower_stack_floor_band,synthetic,demo
930340,U-0340,Zenia,Zenia,B4,6,19,B4.06.19,1 PN+,1PN+,1,1,53.94,48.78,3102279357,3155018106,3102,VSH,58491252,64678518,0.9043,1.7,low,Đông Bắc,Đông Nam,Cảnh quan nội khu,False,synthetic_v1_tower_stack_floor_band,synthetic,demo
930341,U-0341,Zenia,Zenia,B4,7,3,B4.07.03,2 PN,2PN,2,2,76.91,69.16,4017304966,4085599150,4017,VSH,53121820,59074597,0.8992,1.7,low,Nam,Tây,Nội khu,True,synthetic_v1_tower_stack_floor_band,synthetic,demo
930342,U-0342,Zenia,Zenia,B4,7,20,B4.07.20,1 PN+,1PN+,1,1,53.94,48.78,2992124919,3042991043,2992,VSH,56414369,62381940,0.9043,1.7,low,Tây Bắc,Đông Bắc,Hồ bơi,False,synthetic_v1_tower_stack_floor_band,synthetic,demo
930343,U-0343,Zenia,Zenia,B4,8,19,B4.08.19,1 PN+,1PN+,1,1,53.94,48.78,3094664897,3147274200,3095,VSH,58347686,64519766,0.9043,1.7,low,Đông Bắc,Đông Nam,Cảnh quan nội khu,False,synthetic_v1_tower_stack_floor_band,synthetic,demo
930344,U-0344,Zenia,Zenia,B4,8,20,B4.08.20,1 PN+,1PN+,1,1,53.94,48.78,2988317689,3039119090,2988,VSH,56342586,62302564,0.9043,1.7,low,Tây Bắc,Đông Bắc,Hồ bơi,False,synthetic_v1_tower_stack_floor_band,synthetic,demo
930345,U-0345,Zenia,Zenia,B4,9,19,B4.09.19,1 PN+,1PN+,1,1,53.94,48.78,3090857667,3143402247,3091,VSH,58275904,64440390,0.9043,1.7,low,Đông Bắc,Đông Nam,Cảnh quan nội khu,False,synthetic_v1_tower_stack_floor_band,synthetic,demo
930346,U-0346,Zenia,Zenia,B4,10,8,B4.10.08,3 PN,3PN,3,2,85.55,76.02,5234973982,5323968540,5235,VSH,62232245,70033788,0.8886,1.7,low,Đông Nam,Tây Nam,Nội khu,False,synthetic_v1_tower_stack_floor_band,synthetic,demo
930347,U-0347,Zenia,Zenia,B4,13,3,B4.13.03,2 PN,2PN,2,2,76.91,69.48,3833099402,3898262091,3833,VSH,50686024,56106248,0.9034,1.7,mid,Nam,Tây,Nội khu,True,synthetic_v1_tower_stack_floor_band,synthetic,demo
930348,U-0348,Zenia,Zenia,B4,13,4,B4.13.04,2 PN,2PN,2,2,76.91,69.48,3629787893,3691494287,3630,VSH,47997585,53130315,0.9034,1.7,mid,Tây Bắc,Đông Bắc,Cảnh quan nội khu,False,synthetic_v1_tower_stack_floor_band,synthetic,demo
930349,U-0349,Zenia,Zenia,B4,13,9,B4.13.09,2 PN,2PN,2,2,71.81,64.06,3815896836,3880767082,3816,VSH,54042154,60580192,0.8921,1.7,mid,Đông Bắc,Đông Nam,Thành phố,False,synthetic_v1_tower_stack_floor_band,synthetic,demo
930350,U-0350,Zenia,Zenia,B4,13,19,B4.13.19,1 PN+,1PN+,1,1,53.94,48.96,2969281539,3019759325,2969,VSH,55983673,61678091,0.9077,1.7,mid,Đông Bắc,Đông Nam,Cảnh quan nội khu,False,synthetic_v1_tower_stack_floor_band,synthetic,demo
930351,U-0351,Zenia,Zenia,B4,14,19,B4.14.19,1 PN+,1PN+,1,1,53.94,48.96,2965474309,3015887372,2965,VSH,55911890,61599007,0.9077,1.7,mid,Đông Bắc,Đông Nam,Cảnh quan nội khu,False,synthetic_v1_tower_stack_floor_band,synthetic,demo
930352,U-0352,Zenia,Zenia,B4,17,8,B4.17.08,3 PN,3PN,3,2,85.55,76.34,5283582689,5373403595,5284,VSH,62810095,70387786,0.8923,1.7,mid,Đông Nam,Tây Nam,Nội khu,False,synthetic_v1_tower_stack_floor_band,synthetic,demo
930353,U-0353,Zenia,Zenia,B4,19,4,B4.19.04,Căn hộ Loft,Loft,2,2,76.91,69.48,4600514141,4678722882,4601,VSH,60833739,67339132,0.9034,1.7,mid,Tây Bắc,Đông Bắc,Cảnh quan nội khu,False,synthetic_v1_tower_stack_floor_band,synthetic,demo
930354,U-0354,Zenia,Zenia,B4,19,8,B4.19.08,Căn hộ Loft,Loft,2,2,85.55,76.34,5574879231,5669652178,5575,VSH,66272965,74268433,0.8923,1.7,mid,Đông Nam,Tây Nam,Nội khu,False,synthetic_v1_tower_stack_floor_band,synthetic,demo
930355,U-0355,Zenia,Zenia,B4,19,9,B4.19.09,Căn hộ Loft,Loft,2,2,71.81,64.06,4825735252,4907772751,4826,VSH,68343862,76612125,0.8921,1.7,mid,Đông Bắc,Đông Nam,Thành phố,False,synthetic_v1_tower_stack_floor_band,synthetic,demo
930356,U-0356,Zenia,Zenia,B4,19,21,B4.19.21,Căn hộ Loft,Loft,2,2,62.73,56.49,3714116771,3777256756,3714,VSH,60214519,66865937,0.9005,1.7,mid,Bắc,Đông,Hồ bơi,True,synthetic_v1_tower_stack_floor_band,synthetic,demo
930357,U-0357,Zenia,Zenia,B4,21,19,B4.21.19,1 PN+,1PN+,1,1,53.94,49.14,2938823698,2988783701,2939,VSH,55409412,60821809,0.911,1.7,mid,Đông Bắc,Đông Nam,Cảnh quan nội khu,False,synthetic_v1_tower_stack_floor_band,synthetic,demo
930358,U-0358,Zenia,Zenia,B4,22,19,B4.22.19,1 PN+,1PN+,1,1,53.94,49.14,2935016468,2984911748,2935,VSH,55337630,60743015,0.911,1.7,mid,Đông Bắc,Đông Nam,Cảnh quan nội khu,False,synthetic_v1_tower_stack_floor_band,synthetic,demo
930359,U-0359,Zenia,Zenia,B4,23,3,B4.23.03,2 PN,2PN,2,2,76.91,69.96,3778814258,3843054101,3779,VSH,49968198,54932163,0.9096,1.7,mid,Nam,Tây,Nội khu,True,synthetic_v1_tower_stack_floor_band,synthetic,demo
930360,U-0360,Zenia,Zenia,B4,23,20,B4.23.20,1 PN+,1PN+,1,1,53.94,49.14,2824862030,2872884685,2825,VSH,53260747,58463262,0.911,1.7,mid,Tây Bắc,Đông Bắc,Hồ bơi,False,synthetic_v1_tower_stack_floor_band,synthetic,demo
930361,U-0361,Zenia,Zenia,B4,24,3,B4.24.03,2 PN,2PN,2,2,76.91,69.96,3773385744,3837533302,3773,VSH,49896415,54853249,0.9096,1.7,mid,Nam,Tây,Nội khu,True,synthetic_v1_tower_stack_floor_band,synthetic,demo
930362,U-0362,Zenia,Zenia,B4,26,19,B4.26.19,1 PN+,1PN+,1,1,53.94,49.14,2919787548,2969423936,2920,VSH,55050499,60427838,0.911,1.7,high,Đông Bắc,Đông Nam,Hồ bơi,False,synthetic_v1_tower_stack_floor_band,synthetic,demo
930363,U-0363,Zenia,Zenia,B4,27,20,B4.27.20,1 PN+,1PN+,1,1,53.94,49.14,2809633110,2857396873,2810,VSH,52973616,58148085,0.911,1.7,high,Tây Bắc,Đông Bắc,Toàn cảnh,False,synthetic_v1_tower_stack_floor_band,synthetic,demo
930364,U-0364,Zenia,Zenia,B4,28,3,B4.28.03,2 PN,2PN,2,2,76.91,69.96,3751671687,3815450105,3752,VSH,49609285,54537594,0.9096,1.7,high,Nam,Tây,Thành phố,True,synthetic_v1_tower_stack_floor_band,synthetic,demo
930365,U-0365,Zenia,Zenia,B4,28,4,B4.28.04,2 PN,2PN,2,2,76.91,69.8,3711215608,3774306273,3711,VSH,49074324,54073156,0.9076,1.7,high,Tây Bắc,Đông Bắc,Hồ bơi,False,synthetic_v1_tower_stack_floor_band,synthetic,demo
930366,U-0366,Zenia,Zenia,B4,29,8,B4.29.08,3 PN,3PN,3,2,85.55,76.81,5366911902,5458149404,5367,VSH,63800694,71060401,0.8978,1.7,high,Đông Nam,Tây Nam,Thành phố,False,synthetic_v1_tower_stack_floor_band,synthetic,demo
930367,U-0367,Zenia,Zenia,B4,29,19,B4.29.19,1 PN+,1PN+,1,1,53.94,49.14,2908365858,2957808078,2908,VSH,54835152,60191455,0.911,1.7,high,Đông Bắc,Đông Nam,Hồ bơi,False,synthetic_v1_tower_stack_floor_band,synthetic,demo
930368,U-0368,Zenia,Zenia,B4,30,8,B4.30.08,3 PN,3PN,3,2,85.55,76.81,5373856003,5465211555,5374,VSH,63883244,71152344,0.8978,1.7,high,Đông Nam,Tây Nam,Thành phố,False,synthetic_v1_tower_stack_floor_band,synthetic,demo
930369,U-0369,Zenia,Zenia,B4,31,19,B4.31.19,1 PN+,1PN+,1,1,53.94,49.26,2900751398,2950064172,2901,VSH,54691586,59887620,0.9132,1.7,high,Đông Bắc,Đông Nam,Hồ bơi,False,synthetic_v1_tower_stack_floor_band,synthetic,demo
930370,U-0370,Zenia,Zenia,B4,32,8,B4.32.08,3 PN,3PN,3,2,85.55,77.13,5387744205,5479335856,5388,VSH,64048344,71040268,0.9016,1.7,high,Đông Nam,Tây Nam,Thành phố,False,synthetic_v1_tower_stack_floor_band,synthetic,demo
930371,U-0371,Zenia,Zenia,B4,33,3,B4.33.03,2 PN,2PN,2,2,76.91,69.96,3724529115,3787846110,3725,VSH,49250372,54143026,0.9096,1.7,high,Nam,Tây,Thành phố,True,synthetic_v1_tower_stack_floor_band,synthetic,demo
930372,U-0372,Zenia,Zenia,B4,33,4,B4.33.04,2 PN,2PN,2,2,76.91,69.8,3738358179,3801910268,3738,VSH,49433237,54468628,0.9076,1.7,high,Tây Bắc,Đông Bắc,Hồ bơi,False,synthetic_v1_tower_stack_floor_band,synthetic,demo
930373,U-0373,Zenia,Zenia,B4,33,20,B4.33.20,1 PN+,1PN+,1,1,53.94,49.26,2786789730,2834165155,2787,VSH,52542921,57534818,0.9132,1.7,high,Tây Bắc,Đông Bắc,Toàn cảnh,False,synthetic_v1_tower_stack_floor_band,synthetic,demo
930374,U-0374,Zenia,Zenia,B4,34,4,B4.34.04,2 PN,2PN,2,2,76.91,69.8,3743786694,3807431068,3744,VSH,49505020,54547723,0.9076,1.7,high,Tây Bắc,Đông Bắc,Hồ bơi,False,synthetic_v1_tower_stack_floor_band,synthetic,demo
930375,U-0375,Zenia,Zenia,B4,34,8,B4.34.08,3 PN,3PN,3,2,85.55,77.13,5401632407,5493460158,5402,VSH,64213444,71223391,0.9016,1.7,high,Đông Nam,Tây Nam,Thành phố,False,synthetic_v1_tower_stack_floor_band,synthetic,demo
930376,U-0376,Zenia,Zenia,B4,34,19,B4.34.19,1 PN+,1PN+,1,1,53.94,49.26,2889329708,2938448313,2889,VSH,54476239,59651813,0.9132,1.7,high,Đông Bắc,Đông Nam,Hồ bơi,False,synthetic_v1_tower_stack_floor_band,synthetic,demo
930377,U-0377,Zenia,Zenia,B4,34,20,B4.34.20,1 PN+,1PN+,1,1,53.94,49.26,2782982500,2830293202,2783,VSH,52471138,57456216,0.9132,1.7,high,Tây Bắc,Đông Bắc,Toàn cảnh,False,synthetic_v1_tower_stack_floor_band,synthetic,demo
930378,U-0378,Zenia,Zenia,B4,35,19,B4.35.19,1 PN+,1PN+,1,1,53.94,49.26,2885522478,2934576360,2886,VSH,54404456,59573211,0.9132,1.7,high,Đông Bắc,Đông Nam,Hồ bơi,False,synthetic_v1_tower_stack_floor_band,synthetic,demo
930379,U-0379,Zenia,Zenia,B4,36,8,B4.36.08,3 PN,3PN,3,2,85.55,77.13,5415520609,5507584459,5416,VSH,64378544,71406514,0.9016,1.7,high,Đông Nam,Tây Nam,Thành phố,False,synthetic_v1_tower_stack_floor_band,synthetic,demo
930380,U-0380,Zenia,Zenia,B4,36,19,B4.36.19,1 PN+,1PN+,1,1,53.94,49.26,2881715248,2930704407,2882,VSH,54332673,59494608,0.9132,1.7,high,Đông Bắc,Đông Nam,Hồ bơi,False,synthetic_v1_tower_stack_floor_band,synthetic,demo
930381,U-0381,Zenia,Zenia,B4,37,3,B4.37.03,2 PN,2PN,2,2,76.91,69.96,3702815058,3765762914,3703,VSH,48963242,53827372,0.9096,1.7,high,Nam,Tây,Thành phố,True,synthetic_v1_tower_stack_floor_band,synthetic,demo
930382,U-0382,Zenia,Zenia,B4,37,4,B4.37.04,2 PN,2PN,2,2,76.91,69.8,3760072237,3823993465,3760,VSH,49720368,54785007,0.9076,1.7,high,Tây Bắc,Đông Bắc,Hồ bơi,False,synthetic_v1_tower_stack_floor_band,synthetic,demo
930383,U-0383,Zenia,Zenia,B4,37,8,B4.37.08,3 PN,3PN,3,2,85.55,77.13,5422464710,5514646610,5422,VSH,64461094,71498076,0.9016,1.7,high,Đông Nam,Tây Nam,Thành phố,False,synthetic_v1_tower_stack_floor_band,synthetic,demo
930384,U-0384,Zenia,Zenia,B4,37,19,B4.37.19,1 PN+,1PN+,1,1,53.94,49.26,2877908018,2926832454,2878,VSH,54260891,59416006,0.9132,1.7,high,Đông Bắc,Đông Nam,Hồ bơi,False,synthetic_v1_tower_stack_floor_band,synthetic,demo
930385,U-0385,Zenia,Zenia,B4,37,20,B4.37.20,1 PN+,1PN+,1,1,53.94,49.26,2771560810,2818677343,2772,VSH,52255791,57220409,0.9132,1.7,high,Tây Bắc,Đông Bắc,Toàn cảnh,False,synthetic_v1_tower_stack_floor_band,synthetic,demo
930386,U-0386,Zenia,Zenia,B4,38,6,B4.38.06,1 PN+,1PN+,1,1,54.6,49.01,2871123354,2919932451,2871,VSH,53478616,59578299,0.8976,1.7,high,Tây Bắc,Đông Bắc,Thành phố,False,synthetic_v1_tower_stack_floor_band,synthetic,demo
930387,U-0387,Zenia,Zenia,B4,38,8,B4.38.08,3 PN,3PN,3,2,85.55,77.13,5429408811,5521708761,5429,VSH,64543644,71589638,0.9016,1.7,high,Đông Nam,Tây Nam,Thành phố,False,synthetic_v1_tower_stack_floor_band,synthetic,demo
930388,U-0388,Zenia,Zenia,B4,38,19,B4.38.19,1 PN+,1PN+,1,1,53.94,49.26,2874100788,2922960501,2874,VSH,54189108,59337404,0.9132,1.7,high,Đông Bắc,Đông Nam,Hồ bơi,False,synthetic_v1_tower_stack_floor_band,synthetic,demo
930389,U-0389,Zenia,Zenia,B4,39,3,B4.39.03,2 PN,2PN,2,2,76.91,69.96,3691958029,3754721316,3692,VSH,48819676,53669544,0.9096,1.7,high,Nam,Tây,Thành phố,True,synthetic_v1_tower_stack_floor_band,synthetic,demo
930390,U-0390,Zenia,Zenia,B4,39,4,B4.39.04,2 PN,2PN,2,2,76.91,69.8,3770929265,3835035063,3771,VSH,49863933,54943196,0.9076,1.7,high,Tây Bắc,Đông Bắc,Hồ bơi,False,synthetic_v1_tower_stack_floor_band,synthetic,demo
930391,U-0391,Zenia,Zenia,B4,39,5,B4.39.05,1 PN,1PN,1,1,46.73,42.01,2459597467,2501410624,2460,VSH,53529010,59543219,0.899,1.7,high,Tây,Bắc,Toàn cảnh,False,synthetic_v1_tower_stack_floor_band,synthetic,demo
930392,U-0392,Zenia,Zenia,B4,39,20,B4.39.20,1 PN+,1PN+,1,1,53.94,49.26,2763946350,2810933438,2764,VSH,52112225,57063204,0.9132,1.7,high,Tây Bắc,Đông Bắc,Toàn cảnh,False,synthetic_v1_tower_stack_floor_band,synthetic,demo
