id,project_id,area_name,unit_type,bedrooms,area_sqm,total_units,created_at,status,headline,introduce,cover_image_url,cover_image_public_id,created_by,reviewed_by,reviewed_at,review_reason,external_id,source_system,source_instance_id,source_revision,source_updated_at,updated_at
bafde881-f411-5372-9d43-e72f63cd45dd,a453a5c4-63a5-5872-95b7-a3b4911aa072,Harbor Crest 1,2BR,2,68.50,120,2025-07-24T00:00:00Z,active,,,\N,\N,\N,\N,\N,\N,syn1-A-001,synthetic_csv,synthetic-csv-v1,2,2026-07-19T00:00:00Z,2026-07-19T00:00:00Z
595d9f18-8f5d-5c43-8866-791052463081,a453a5c4-63a5-5872-95b7-a3b4911aa072,Harbor Crest 2,3BR,3,94.00,90,2025-07-24T00:00:00Z,active,,,\N,\N,\N,\N,\N,\N,syn1-A-002,synthetic_csv,synthetic-csv-v1,2,2026-07-19T00:00:00Z,2026-07-19T00:00:00Z
0b24d289-da6c-5de3-9062-67af2813f4ea,a453a5c4-63a5-5872-95b7-a3b4911aa072,Harbor Crest 3,1BR,1,45.20,80,2025-07-24T00:00:00Z,active,,,\N,\N,\N,\N,\N,\N,syn1-A-003,synthetic_csv,synthetic-csv-v1,2,2026-07-19T00:00:00Z,2026-07-19T00:00:00Z
fefccc58-d625-539e-a48e-d38ba602c0b4,a453a5c4-63a5-5872-95b7-a3b4911aa072,Harbor Crest 4,Studio,0,32.00,60,2025-07-24T00:00:00Z,active,,,\N,\N,\N,\N,\N,\N,syn1-A-004,synthetic_csv,synthetic-csv-v1,2,2026-07-19T00:00:00Z,2026-07-19T00:00:00Z
d1c16841-dee0-58bc-aa62-67fd335b971f,7887a084-3d77-59c1-8dca-983994b0cb6e,Willow Park A,2BR,2,70.00,100,2025-07-24T00:00:00Z,active,,,\N,\N,\N,\N,\N,\N,syn1-A-005,synthetic_csv,synthetic-csv-v1,2,2026-07-19T00:00:00Z,2026-07-19T00:00:00Z
992af92a-c20b-56be-bce2-001f0c1968e6,7887a084-3d77-59c1-8dca-983994b0cb6e,Willow Park B,3BR,3,98.75,70,2025-07-24T00:00:00Z,active,,,\N,\N,\N,\N,\N,\N,syn1-A-006,synthetic_csv,synthetic-csv-v1,2,2026-07-19T00:00:00Z,2026-07-19T00:00:00Z
aabfb001-73bc-592e-833b-3eab1b0f7220,7887a084-3d77-59c1-8dca-983994b0cb6e,Willow Park C,1BR,1,47.00,50,2025-07-24T00:00:00Z,active,,,\N,\N,\N,\N,\N,\N,syn1-A-007,synthetic_csv,synthetic-csv-v1,2,2026-07-19T00:00:00Z,2026-07-19T00:00:00Z
3552b1b8-b749-5851-a3b1-1b295129cff8,0fa6dc5b-1574-5004-b44a-e74d1b8695d2,Quarry Fields North,2BR,2,66.00,40,2025-07-24T00:00:00Z,active,,,\N,\N,\N,\N,\N,\N,syn1-A-008,synthetic_csv,synthetic-csv-v1,2,2026-07-19T00:00:00Z,2026-07-19T00:00:00Z
f7f1e08d-c907-50c0-929f-bbc3efa871e2,0fa6dc5b-1574-5004-b44a-e74d1b8695d2,Quarry Fields Legacy,2BR,2,64.00,30,2025-07-24T00:00:00Z,active,,,\N,\N,\N,\N,\N,\N,\N,\N,\N,\N,\N,2026-07-19T00:00:00Z
