id,area_id,file_id,snapshot_date,units_remaining,snapshot_type,source_row_hash,created_at,source_updated_at
99e072a7-68e3-5fc6-903c-ce8217e52184,d1c16841-dee0-58bc-aa62-67fd335b971f,8a54073e-184c-59e4-b228-d5da53c1436a,2026-05-26,99,closing,16c511e80b424666b61f746708cd98b246b18335e4b4b6d336cd9a6a9151fe9e,2026-07-04T00:00:00Z,2026-07-04T00:00:00Z
14df4e71-b95f-5960-9ecb-7292af9de4ca,d1c16841-dee0-58bc-aa62-67fd335b971f,8a54073e-184c-59e4-b228-d5da53c1436a,2026-06-02,96,closing,cac5505344e9aa69f80d1efc87e799cdc34bbaebf0535ee6164a30818a9226a5,2026-07-04T00:00:00Z,2026-07-04T00:00:00Z
dd137905-99a7-5e8d-90f5-987b80ce339a,d1c16841-dee0-58bc-aa62-67fd335b971f,8a54073e-184c-59e4-b228-d5da53c1436a,2026-06-09,95,closing,9ef8868d1c52d973604ca758904fae1a90a90fced853f6d46c34a725f0adde89,2026-07-04T00:00:00Z,2026-07-04T00:00:00Z
4a679b2f-9b6a-5008-9ddc-7f1edd7b2795,d1c16841-dee0-58bc-aa62-67fd335b971f,8a54073e-184c-59e4-b228-d5da53c1436a,2026-06-16,94,closing,4422744673aeb5034753a8e22f5e6bcf010c300b2bd473d62b8d6f7b099c71eb,2026-07-04T00:00:00Z,2026-07-04T00:00:00Z
03bc4b6b-1d09-5ae0-a952-9178115400f8,d1c16841-dee0-58bc-aa62-67fd335b971f,8a54073e-184c-59e4-b228-d5da53c1436a,2026-06-23,90,closing,9934478991b38fcb8620e41a762abed1b0247fe192467c826575bf4fafa7bddb,2026-07-04T00:00:00Z,2026-07-04T00:00:00Z
c26954d6-c76f-59ed-a515-cea1bab9602a,d1c16841-dee0-58bc-aa62-67fd335b971f,8a54073e-184c-59e4-b228-d5da53c1436a,2026-06-30,88,closing,135ee6e7d00bdb1b3409cbb7f74f5df0a011b9a50e91501705f5512ce67655bd,2026-07-04T00:00:00Z,2026-07-04T00:00:00Z
867dbe4d-e387-5ee5-aeb7-d29975817270,d1c16841-dee0-58bc-aa62-67fd335b971f,8a54073e-184c-59e4-b228-d5da53c1436a,2026-07-07,87,closing,47d1775b173a7745f3837e3ce330bd4ac9e43b5e327509e77203915a59f0881a,2026-07-04T00:00:00Z,2026-07-04T00:00:00Z
c78a4387-5e98-5a07-ae3c-cee2420220fb,d1c16841-dee0-58bc-aa62-67fd335b971f,8a54073e-184c-59e4-b228-d5da53c1436a,2026-07-14,85,closing,da4627f3c382aa704a75f8060fe0c9c009793fa5c51606edadbb6ef6e31ecf57,2026-07-04T00:00:00Z,2026-07-04T00:00:00Z
b3fee31d-3660-57bf-bdbf-7232e0ddd916,d1c16841-dee0-58bc-aa62-67fd335b971f,8a54073e-184c-59e4-b228-d5da53c1436a,2026-07-21,82,closing,785723b53c8949b55bd1725ab111d766af20269fa9e9ef993e7d225566040691,2026-07-04T00:00:00Z,2026-07-04T00:00:00Z
d47723ea-05bf-55b0-91fb-0004ff1e31fc,d1c16841-dee0-58bc-aa62-67fd335b971f,8a54073e-184c-59e4-b228-d5da53c1436a,2026-07-28,81,closing,0f2094edb47fdc384f1eb3bb0779d37cc93f1536d0f2f8448ae553356d46a30c,2026-07-04T00:00:00Z,2026-07-04T00:00:00Z
05e0b8ff-18a3-5c38-aa8c-d39ed4f6255b,d1c16841-dee0-58bc-aa62-67fd335b971f,8a54073e-184c-59e4-b228-d5da53c1436a,2026-08-04,77,closing,14093cf2dc3e92bb1f2f43a6d2dd9bf4cb19f6b484068a83b79f9299d770d200,2026-07-04T00:00:00Z,2026-07-04T00:00:00Z
1cfd3e4e-f02d-58dc-97be-7ddf7da7fb79,d1c16841-dee0-58bc-aa62-67fd335b971f,8a54073e-184c-59e4-b228-d5da53c1436a,2026-08-11,74,closing,f1eed31550b480e95e73286d251a19d5c54acd0c5c14f5f23725d926c29c7b32,2026-07-04T00:00:00Z,2026-07-04T00:00:00Z
826090d3-719c-5d92-ba95-8f57b54790d6,992af92a-c20b-56be-bce2-001f0c1968e6,8a54073e-184c-59e4-b228-d5da53c1436a,2026-05-26,69,closing,fee579e7b18884a2766fb126889a1a54091d3b54bfd425fed7edd7bf00affce8,2026-07-04T00:00:00Z,2026-07-04T00:00:00Z
c71dffb5-f206-53f4-9f4e-d0ecc8dbb4f1,992af92a-c20b-56be-bce2-001f0c1968e6,8a54073e-184c-59e4-b228-d5da53c1436a,2026-06-02,67,closing,2831fe91cca608e29bcacfcadf987ad619239335060c5213abfeb56340448d4c,2026-07-04T00:00:00Z,2026-07-04T00:00:00Z
9149db13-c388-5034-aca8-70747da24be1,992af92a-c20b-56be-bce2-001f0c1968e6,8a54073e-184c-59e4-b228-d5da53c1436a,2026-06-09,64,closing,417cb902ca577ad458aedbc859e313139d71e1a43519d0053beb083f02ea8318,2026-07-04T00:00:00Z,2026-07-04T00:00:00Z
5871a976-73f7-5d5c-a8a8-873f8135830b,992af92a-c20b-56be-bce2-001f0c1968e6,8a54073e-184c-59e4-b228-d5da53c1436a,2026-06-16,63,closing,191f2c5f667cb8266f4c551603e7da2698a6e8b29c58351afff0701119d371c3,2026-07-04T00:00:00Z,2026-07-04T00:00:00Z
084ce185-df09-5e0a-86fb-555452a819d7,992af92a-c20b-56be-bce2-001f0c1968e6,8a54073e-184c-59e4-b228-d5da53c1436a,2026-06-23,61,closing,8f6faa731865e0b64217713e7870cb05287031e6a219b8ea938994acb4d7599b,2026-07-04T00:00:00Z,2026-07-04T00:00:00Z
45742606-38f3-5f5a-a2c5-ebe3eaa781a8,992af92a-c20b-56be-bce2-001f0c1968e6,8a54073e-184c-59e4-b228-d5da53c1436a,2026-06-30,60,closing,def1c2a89e97a0ebbff2eb10c0f407297bf5035187ae7effa024f158ff28a2e5,2026-07-04T00:00:00Z,2026-07-04T00:00:00Z
bf5e0c14-79f2-5f9c-9b5a-35e093a576f5,992af92a-c20b-56be-bce2-001f0c1968e6,8a54073e-184c-59e4-b228-d5da53c1436a,2026-07-07,59,closing,a8504d34a7d23b365ba8ad4504cad80c099103298b03822db7975458017d9b01,2026-07-04T00:00:00Z,2026-07-04T00:00:00Z
e0928e2b-0959-5e04-9f9e-327922b0d32f,992af92a-c20b-56be-bce2-001f0c1968e6,8a54073e-184c-59e4-b228-d5da53c1436a,2026-07-14,58,closing,7cf8efe3e6f09a6fb14ada9e448c943fdc4cf9cf0c9b132fd3da5f030fcb5599,2026-07-04T00:00:00Z,2026-07-04T00:00:00Z
343615c9-ae8a-55d6-b461-6d292f39a925,992af92a-c20b-56be-bce2-001f0c1968e6,8a54073e-184c-59e4-b228-d5da53c1436a,2026-07-21,55,closing,24fb2bd3befcacbe39dbb463e171a6c86dccfd9f8e7a1ab3668cd6db37832862,2026-07-04T00:00:00Z,2026-07-04T00:00:00Z
6a4f1461-4f63-59f4-b594-21e6a2bc0726,992af92a-c20b-56be-bce2-001f0c1968e6,8a54073e-184c-59e4-b228-d5da53c1436a,2026-07-28,54,closing,b710626869903e900113b094a536917a25a9590ec844ce71dedb394358b382ab,2026-07-04T00:00:00Z,2026-07-04T00:00:00Z
9c285dcb-c727-5221-9c5b-fb19e5ce6790,992af92a-c20b-56be-bce2-001f0c1968e6,8a54073e-184c-59e4-b228-d5da53c1436a,2026-08-04,50,closing,380af78f3b09babfa5dbbe794fd590246e7a12133d1c1f0dfec50342b400f652,2026-07-04T00:00:00Z,2026-07-04T00:00:00Z
7c202117-3546-58ad-89a1-57db1fe4c723,992af92a-c20b-56be-bce2-001f0c1968e6,8a54073e-184c-59e4-b228-d5da53c1436a,2026-08-11,49,closing,c4f6e35390e9445bddc855fded6fe9d3f55734b29fb4a7caa5a822f2f0592078,2026-07-04T00:00:00Z,2026-07-04T00:00:00Z
2c82203e-6385-5db5-bd99-dff052b2d331,aabfb001-73bc-592e-833b-3eab1b0f7220,8a54073e-184c-59e4-b228-d5da53c1436a,2026-05-26,49,closing,83b80285deb8e8c17986a784e3fd8675238ba406b4d5c0c93dfde8f7addc8624,2026-07-04T00:00:00Z,2026-07-04T00:00:00Z
8796ab51-3b71-5021-99bc-631e6ad72abd,aabfb001-73bc-592e-833b-3eab1b0f7220,8a54073e-184c-59e4-b228-d5da53c1436a,2026-06-02,48,closing,cc6e80e2aef7e4c487c1a76a5175967b4265fe2f639d913e33ec85a3384a25ec,2026-07-04T00:00:00Z,2026-07-04T00:00:00Z
853cea1f-91ae-523f-9edc-c127d5f9651a,aabfb001-73bc-592e-833b-3eab1b0f7220,8a54073e-184c-59e4-b228-d5da53c1436a,2026-06-09,46,closing,7d09bc908c48152e46f0e4bfbec5874fddd88972a507293ba0912ff202eb3416,2026-07-04T00:00:00Z,2026-07-04T00:00:00Z
62f3d044-d511-5ddf-88dd-c2d8b8a4dc48,aabfb001-73bc-592e-833b-3eab1b0f7220,8a54073e-184c-59e4-b228-d5da53c1436a,2026-06-16,45,closing,f8096d3413afba556cfd3a29e8fd7163e81230786577fcfd243c72e618a576a9,2026-07-04T00:00:00Z,2026-07-04T00:00:00Z
929f2d42-0b39-5024-8b94-c578a3a831ae,aabfb001-73bc-592e-833b-3eab1b0f7220,8a54073e-184c-59e4-b228-d5da53c1436a,2026-06-23,41,closing,60e691e6a11270167b3f6ef5c7efbe6db020b7dfac8a191e05530b77594f13bb,2026-07-04T00:00:00Z,2026-07-04T00:00:00Z
4a02aeab-f8f1-5739-b2c9-010240a9b74c,aabfb001-73bc-592e-833b-3eab1b0f7220,8a54073e-184c-59e4-b228-d5da53c1436a,2026-06-30,39,closing,efdbd5c066f728e24ee4c96599a1d0f5758a611df1479f284d5c4bfd13b45c19,2026-07-04T00:00:00Z,2026-07-04T00:00:00Z
ee215c42-6b13-50d9-a8f3-1ea8f5bcec50,aabfb001-73bc-592e-833b-3eab1b0f7220,8a54073e-184c-59e4-b228-d5da53c1436a,2026-07-07,38,closing,8f05a0bbe9b74e3d535ff87981abfadd65caa13f60236314f53fa45487ca5252,2026-07-04T00:00:00Z,2026-07-04T00:00:00Z
6cfd6038-1a2c-55d8-8534-bf848995d32e,aabfb001-73bc-592e-833b-3eab1b0f7220,8a54073e-184c-59e4-b228-d5da53c1436a,2026-07-14,34,closing,773c148ababbd972433790c11451a6b83f67a3beefc45062175e676d9b62c57e,2026-07-04T00:00:00Z,2026-07-04T00:00:00Z
ee784f34-7613-556e-a05f-0c3cfb2bdc6c,aabfb001-73bc-592e-833b-3eab1b0f7220,8a54073e-184c-59e4-b228-d5da53c1436a,2026-07-21,32,closing,a2cc467a7086b0a0f3530090cbacb79c6e73e21862006574fb37e3cbc0fa30ea,2026-07-04T00:00:00Z,2026-07-04T00:00:00Z
2c8b4e94-4d92-5c1e-ae52-80c6509cea74,aabfb001-73bc-592e-833b-3eab1b0f7220,8a54073e-184c-59e4-b228-d5da53c1436a,2026-07-28,31,closing,a9bc33d273ce7777544837a783d11dd004db765de2f70be6eba81d409c96c917,2026-07-04T00:00:00Z,2026-07-04T00:00:00Z
8e0628a9-63c7-5121-8833-86ea24598b64,aabfb001-73bc-592e-833b-3eab1b0f7220,8a54073e-184c-59e4-b228-d5da53c1436a,2026-08-04,27,closing,c5a76f66d8e76f4ac045ec70501a7afdb587c3e20247f77372473a9984107347,2026-07-04T00:00:00Z,2026-07-04T00:00:00Z
8b21f623-9ca2-5ef2-9f11-47b6aba77bdd,aabfb001-73bc-592e-833b-3eab1b0f7220,8a54073e-184c-59e4-b228-d5da53c1436a,2026-08-11,23,closing,ee66eabd5a37b844d755c431efa2849afe1f605ed39b716c96fb6b3c703b494f,2026-07-04T00:00:00Z,2026-07-04T00:00:00Z
