id,source_system,source_instance_id,external_unit_id,area_id,unit_code,unit_type,status,source_revision,source_updated_at,deleted_at,created_at,updated_at
99d0fa9a-05a9-58eb-b7fe-c4b92dcde556,synthetic_csv,synthetic-csv-v1,syn1-U-A-001-001,bafde881-f411-5372-9d43-e72f63cd45dd,HC1-001,2BR,sold,2,2026-07-19T00:00:00Z,\N,2025-08-13T12:00:00Z,2026-07-19T00:00:00Z
4001e989-17c5-56cb-a795-1bc32d17c14d,synthetic_csv,synthetic-csv-v1,syn1-U-A-001-002,bafde881-f411-5372-9d43-e72f63cd45dd,HC1-002,2BR,sold,2,2026-07-19T00:00:00Z,\N,2025-08-14T00:00:00Z,2026-07-19T00:00:00Z
f06ea21d-9079-5536-981a-9985f505519f,synthetic_csv,synthetic-csv-v1,syn1-U-A-001-003,bafde881-f411-5372-9d43-e72f63cd45dd,HC1-003,2BR,sold,2,2026-07-19T00:00:00Z,\N,2025-08-14T12:00:00Z,2026-07-19T00:00:00Z
60d41c2a-ba1f-58f7-97c4-a2349ca3b04f,synthetic_csv,synthetic-csv-v1,syn1-U-A-001-004,bafde881-f411-5372-9d43-e72f63cd45dd,HC1-004,2BR,sold,2,2026-07-19T00:00:00Z,\N,2025-08-15T00:00:00Z,2026-07-19T00:00:00Z
3ce5ad94-2cd9-56c9-a7b2-e14d99a024ab,synthetic_csv,synthetic-csv-v1,syn1-U-A-001-005,bafde881-f411-5372-9d43-e72f63cd45dd,HC1-005,2BR,sold,2,2026-07-19T00:00:00Z,\N,2025-08-15T12:00:00Z,2026-07-19T00:00:00Z
2e0f43a9-d9bb-5934-bb70-5034ff6a8402,synthetic_csv,synthetic-csv-v1,syn1-U-A-001-006,bafde881-f411-5372-9d43-e72f63cd45dd,HC1-006,2BR,sold,2,2026-07-19T00:00:00Z,\N,2025-08-16T00:00:00Z,2026-07-19T00:00:00Z
0ecaf8cd-a554-5046-b973-887f8e27cc5a,synthetic_csv,synthetic-csv-v1,syn1-U-A-001-007,bafde881-f411-5372-9d43-e72f63cd45dd,HC1-007,2BR,sold,2,2026-07-19T00:00:00Z,\N,2025-08-16T12:00:00Z,2026-07-19T00:00:00Z
e89276c1-70e0-5801-a967-9d39f602f735,synthetic_csv,synthetic-csv-v1,syn1-U-A-001-008,bafde881-f411-5372-9d43-e72f63cd45dd,HC1-008,2BR,sold,2,2026-07-19T00:00:00Z,\N,2025-08-17T00:00:00Z,2026-07-19T00:00:00Z
ca993117-4b96-5e14-a653-d13d96c2fb38,synthetic_csv,synthetic-csv-v1,syn1-U-A-001-009,bafde881-f411-5372-9d43-e72f63cd45dd,HC1-009,2BR,sold,2,2026-07-19T00:00:00Z,\N,2025-08-17T12:00:00Z,2026-07-19T00:00:00Z
5c7d9d66-e998-50ee-a4aa-540ff251cf6f,synthetic_csv,synthetic-csv-v1,syn1-U-A-001-010,bafde881-f411-5372-9d43-e72f63cd45dd,HC1-010,2BR,sold,2,2026-07-19T00:00:00Z,\N,2025-08-18T00:00:00Z,2026-07-19T00:00:00Z
6e563075-5fa8-5785-8bab-a3c27e1450ca,synthetic_csv,synthetic-csv-v1,syn1-U-A-001-011,bafde881-f411-5372-9d43-e72f63cd45dd,HC1-011,2BR,sold,2,2026-07-19T00:00:00Z,\N,2025-08-18T12:00:00Z,2026-07-19T00:00:00Z
4e082fdd-c6b4-5372-8657-5b5213162f67,synthetic_csv,synthetic-csv-v1,syn1-U-A-001-012,bafde881-f411-5372-9d43-e72f63cd45dd,HC1-012,2BR,sold,2,2026-07-19T00:00:00Z,\N,2025-08-19T00:00:00Z,2026-07-19T00:00:00Z
f799ddd7-f070-5980-91a2-bdbb0889694a,synthetic_csv,synthetic-csv-v1,syn1-U-A-001-013,bafde881-f411-5372-9d43-e72f63cd45dd,HC1-013,2BR,sold,2,2026-07-19T00:00:00Z,\N,2025-08-19T12:00:00Z,2026-07-19T00:00:00Z
8fcd2951-c3e3-59bb-8255-fe7b2178ed8b,synthetic_csv,synthetic-csv-v1,syn1-U-A-001-014,bafde881-f411-5372-9d43-e72f63cd45dd,HC1-014,2BR,sold,2,2026-07-19T00:00:00Z,\N,2025-08-20T00:00:00Z,2026-07-19T00:00:00Z
bbfeb2c6-1e9e-5a44-942a-c4c5bf15b14b,synthetic_csv,synthetic-csv-v1,syn1-U-A-001-015,bafde881-f411-5372-9d43-e72f63cd45dd,HC1-015,2BR,reserved,2,2026-07-19T00:00:00Z,\N,2025-08-20T12:00:00Z,2026-07-19T00:00:00Z
3468da4a-1cee-5d66-9dad-9f393acc1e40,synthetic_csv,synthetic-csv-v1,syn1-U-A-001-016,bafde881-f411-5372-9d43-e72f63cd45dd,HC1-016,2BR,reserved,2,2026-07-19T00:00:00Z,\N,2025-08-21T00:00:00Z,2026-07-19T00:00:00Z
d51a1565-666d-568d-b629-f53e2358db39,synthetic_csv,synthetic-csv-v1,syn1-U-A-001-017,bafde881-f411-5372-9d43-e72f63cd45dd,HC1-017,2BR,reserved,2,2026-07-19T00:00:00Z,\N,2025-08-21T12:00:00Z,2026-07-19T00:00:00Z
f1221bff-847c-5c29-96f3-d01bac80c376,synthetic_csv,synthetic-csv-v1,syn1-U-A-001-018,bafde881-f411-5372-9d43-e72f63cd45dd,HC1-018,2BR,available,2,2026-07-19T00:00:00Z,\N,2025-08-22T00:00:00Z,2026-07-19T00:00:00Z
6ac2c6b1-02b2-5eee-8b64-03831733da04,synthetic_csv,synthetic-csv-v1,syn1-U-A-001-019,bafde881-f411-5372-9d43-e72f63cd45dd,HC1-019,2BR,available,2,2026-07-19T00:00:00Z,\N,2025-08-22T12:00:00Z,2026-07-19T00:00:00Z
ce5448f7-e1b7-56ed-9a10-b62a61c299d6,synthetic_csv,synthetic-csv-v1,syn1-U-A-001-020,bafde881-f411-5372-9d43-e72f63cd45dd,HC1-020,2BR,available,2,2026-07-19T00:00:00Z,\N,2025-08-23T00:00:00Z,2026-07-19T00:00:00Z
56a5d63d-13ad-5dd3-aad0-509a289e4131,synthetic_csv,synthetic-csv-v1,syn1-U-A-001-021,bafde881-f411-5372-9d43-e72f63cd45dd,HC1-021,2BR,available,2,2026-07-19T00:00:00Z,\N,2025-08-23T12:00:00Z,2026-07-19T00:00:00Z
53c183e8-09c8-5b7b-8617-0716330a3ea7,synthetic_csv,synthetic-csv-v1,syn1-U-A-001-022,bafde881-f411-5372-9d43-e72f63cd45dd,HC1-022,2BR,available,2,2026-07-19T00:00:00Z,\N,2025-08-24T00:00:00Z,2026-07-19T00:00:00Z
05196bea-7e39-52fa-87fa-26ef3acfdb9e,synthetic_csv,synthetic-csv-v1,syn1-U-A-001-023,bafde881-f411-5372-9d43-e72f63cd45dd,HC1-023,2BR,available,2,2026-07-19T00:00:00Z,\N,2025-08-24T12:00:00Z,2026-07-19T00:00:00Z
7d081ad3-c5fc-5bc0-8a36-46882204674e,synthetic_csv,synthetic-csv-v1,syn1-U-A-001-024,bafde881-f411-5372-9d43-e72f63cd45dd,HC1-024,2BR,available,2,2026-07-19T00:00:00Z,\N,2025-08-25T00:00:00Z,2026-07-19T00:00:00Z
77b12036-607d-5368-b5f4-49906a09c4fc,synthetic_csv,synthetic-csv-v1,syn1-U-A-001-025,bafde881-f411-5372-9d43-e72f63cd45dd,HC1-025,2BR,available,2,2026-07-19T00:00:00Z,\N,2025-08-25T12:00:00Z,2026-07-19T00:00:00Z
ddc96666-b1d2-5989-a4f7-9629a2005e86,synthetic_csv,synthetic-csv-v1,syn1-U-A-001-026,bafde881-f411-5372-9d43-e72f63cd45dd,HC1-026,2BR,available,2,2026-07-19T00:00:00Z,\N,2025-08-26T00:00:00Z,2026-07-19T00:00:00Z
357191c0-8f53-56dc-8354-5b2acf2ed9b0,synthetic_csv,synthetic-csv-v1,syn1-U-A-001-027,bafde881-f411-5372-9d43-e72f63cd45dd,HC1-027,2BR,available,2,2026-07-19T00:00:00Z,\N,2025-08-26T12:00:00Z,2026-07-19T00:00:00Z
7dd56198-3051-52dd-9c67-0753c025a9e0,synthetic_csv,synthetic-csv-v1,syn1-U-A-001-028,bafde881-f411-5372-9d43-e72f63cd45dd,HC1-028,2BR,available,2,2026-07-19T00:00:00Z,\N,2025-08-27T00:00:00Z,2026-07-19T00:00:00Z
5733a6d1-d098-584b-9ced-50927ed484d4,synthetic_csv,synthetic-csv-v1,syn1-U-A-001-029,bafde881-f411-5372-9d43-e72f63cd45dd,HC1-029,2BR,available,2,2026-07-19T00:00:00Z,\N,2025-08-27T12:00:00Z,2026-07-19T00:00:00Z
d4e881ca-814b-5018-8e1b-0c4021b307f7,synthetic_csv,synthetic-csv-v1,syn1-U-A-001-030,bafde881-f411-5372-9d43-e72f63cd45dd,HC1-030,2BR,available,2,2026-07-19T00:00:00Z,\N,2025-08-28T00:00:00Z,2026-07-19T00:00:00Z
a88ca88b-e79b-5ad0-851b-ce2523bf58cd,synthetic_csv,synthetic-csv-v1,syn1-U-A-001-031,bafde881-f411-5372-9d43-e72f63cd45dd,HC1-031,2BR,available,2,2026-07-19T00:00:00Z,\N,2025-08-28T12:00:00Z,2026-07-19T00:00:00Z
5ddebad4-107c-5105-8071-7f2c5fca7275,synthetic_csv,synthetic-csv-v1,syn1-U-A-001-032,bafde881-f411-5372-9d43-e72f63cd45dd,HC1-032,2BR,available,2,2026-07-19T00:00:00Z,\N,2025-08-29T00:00:00Z,2026-07-19T00:00:00Z
3796c2f0-957b-508a-a68f-5c4e2bba23c9,synthetic_csv,synthetic-csv-v1,syn1-U-A-001-033,bafde881-f411-5372-9d43-e72f63cd45dd,HC1-033,2BR,available,2,2026-07-19T00:00:00Z,\N,2025-08-29T12:00:00Z,2026-07-19T00:00:00Z
badbd280-db9e-57fc-a1a6-cec28b4e2dd3,synthetic_csv,synthetic-csv-v1,syn1-U-A-001-034,bafde881-f411-5372-9d43-e72f63cd45dd,HC1-034,2BR,available,2,2026-07-19T00:00:00Z,\N,2025-08-30T00:00:00Z,2026-07-19T00:00:00Z
26241edf-da92-5b1c-965a-532c83be078a,synthetic_csv,synthetic-csv-v1,syn1-U-A-001-035,bafde881-f411-5372-9d43-e72f63cd45dd,HC1-035,2BR,available,2,2026-07-19T00:00:00Z,\N,2025-08-30T12:00:00Z,2026-07-19T00:00:00Z
acf5057c-25b9-50d3-9dde-babe92315649,synthetic_csv,synthetic-csv-v1,syn1-U-A-001-036,bafde881-f411-5372-9d43-e72f63cd45dd,HC1-036,2BR,available,2,2026-07-19T00:00:00Z,\N,2025-08-31T00:00:00Z,2026-07-19T00:00:00Z
513c770f-0ea0-5e9f-b918-0a5d41041c3d,synthetic_csv,synthetic-csv-v1,syn1-U-A-001-037,bafde881-f411-5372-9d43-e72f63cd45dd,HC1-037,2BR,available,2,2026-07-19T00:00:00Z,\N,2025-08-31T12:00:00Z,2026-07-19T00:00:00Z
3b5789cf-d7d1-5b1e-9a66-0c829e11da4b,synthetic_csv,synthetic-csv-v1,syn1-U-A-001-038,bafde881-f411-5372-9d43-e72f63cd45dd,HC1-038,2BR,available,2,2026-07-19T00:00:00Z,\N,2025-09-01T00:00:00Z,2026-07-19T00:00:00Z
b6c0db28-d24b-5e1b-b61c-fec0cbfab748,synthetic_csv,synthetic-csv-v1,syn1-U-A-001-039,bafde881-f411-5372-9d43-e72f63cd45dd,HC1-039,2BR,available,2,2026-07-19T00:00:00Z,\N,2025-09-01T12:00:00Z,2026-07-19T00:00:00Z
81149377-dfcb-5142-9a5a-9e6857ef5360,synthetic_csv,synthetic-csv-v1,syn1-U-A-001-040,bafde881-f411-5372-9d43-e72f63cd45dd,HC1-040,2BR,available,2,2026-07-19T00:00:00Z,\N,2025-09-02T00:00:00Z,2026-07-19T00:00:00Z
779a879f-765d-5804-a9fc-c8728ab51cb9,synthetic_csv,synthetic-csv-v1,syn1-U-A-002-001,595d9f18-8f5d-5c43-8866-791052463081,HC2-001,3BR,sold,2,2026-07-19T00:00:00Z,\N,2025-08-13T12:00:00Z,2026-07-19T00:00:00Z
d66e250f-46af-59aa-adb9-95795f8ebcbe,synthetic_csv,synthetic-csv-v1,syn1-U-A-002-002,595d9f18-8f5d-5c43-8866-791052463081,HC2-002,3BR,sold,2,2026-07-19T00:00:00Z,\N,2025-08-14T00:00:00Z,2026-07-19T00:00:00Z
3471d735-10fe-56ae-bb3c-eda38fab3cbb,synthetic_csv,synthetic-csv-v1,syn1-U-A-002-003,595d9f18-8f5d-5c43-8866-791052463081,HC2-003,3BR,sold,2,2026-07-19T00:00:00Z,\N,2025-08-14T12:00:00Z,2026-07-19T00:00:00Z
4882a616-cd60-5565-ba8b-c2bd266dc715,synthetic_csv,synthetic-csv-v1,syn1-U-A-002-004,595d9f18-8f5d-5c43-8866-791052463081,HC2-004,3BR,sold,2,2026-07-19T00:00:00Z,\N,2025-08-15T00:00:00Z,2026-07-19T00:00:00Z
83fd93aa-a624-5970-b171-2ec00ff1caac,synthetic_csv,synthetic-csv-v1,syn1-U-A-002-005,595d9f18-8f5d-5c43-8866-791052463081,HC2-005,3BR,sold,2,2026-07-19T00:00:00Z,\N,2025-08-15T12:00:00Z,2026-07-19T00:00:00Z
c1d7c7d5-fbf8-5ef0-aa28-8912712f4dea,synthetic_csv,synthetic-csv-v1,syn1-U-A-002-006,595d9f18-8f5d-5c43-8866-791052463081,HC2-006,3BR,sold,2,2026-07-19T00:00:00Z,\N,2025-08-16T00:00:00Z,2026-07-19T00:00:00Z
24c103f1-a67b-5c9e-bbd3-9734dac146a3,synthetic_csv,synthetic-csv-v1,syn1-U-A-002-007,595d9f18-8f5d-5c43-8866-791052463081,HC2-007,3BR,reserved,2,2026-07-19T00:00:00Z,\N,2025-08-16T12:00:00Z,2026-07-19T00:00:00Z
f0dcdeda-e7a8-5218-b5a3-64c7be186a2c,synthetic_csv,synthetic-csv-v1,syn1-U-A-002-008,595d9f18-8f5d-5c43-8866-791052463081,HC2-008,3BR,reserved,2,2026-07-19T00:00:00Z,\N,2025-08-17T00:00:00Z,2026-07-19T00:00:00Z
30b77e1b-947b-5356-baab-ef990bed7875,synthetic_csv,synthetic-csv-v1,syn1-U-A-002-009,595d9f18-8f5d-5c43-8866-791052463081,HC2-009,3BR,available,2,2026-07-19T00:00:00Z,\N,2025-08-17T12:00:00Z,2026-07-19T00:00:00Z
6bf831ba-6665-5639-b0a9-8041b261268a,synthetic_csv,synthetic-csv-v1,syn1-U-A-002-010,595d9f18-8f5d-5c43-8866-791052463081,HC2-010,3BR,available,2,2026-07-19T00:00:00Z,\N,2025-08-18T00:00:00Z,2026-07-19T00:00:00Z
060c67e3-52f0-5741-8e76-04e5f0159831,synthetic_csv,synthetic-csv-v1,syn1-U-A-002-011,595d9f18-8f5d-5c43-8866-791052463081,HC2-011,3BR,available,2,2026-07-19T00:00:00Z,\N,2025-08-18T12:00:00Z,2026-07-19T00:00:00Z
8f6e12f4-6df1-5c72-8b5b-c7359a7bd302,synthetic_csv,synthetic-csv-v1,syn1-U-A-002-012,595d9f18-8f5d-5c43-8866-791052463081,HC2-012,3BR,available,2,2026-07-19T00:00:00Z,\N,2025-08-19T00:00:00Z,2026-07-19T00:00:00Z
f67ec08e-7ef2-5b34-be64-71ca4c6d4616,synthetic_csv,synthetic-csv-v1,syn1-U-A-002-013,595d9f18-8f5d-5c43-8866-791052463081,HC2-013,3BR,available,2,2026-07-19T00:00:00Z,\N,2025-08-19T12:00:00Z,2026-07-19T00:00:00Z
302e87d5-c4f4-5a69-8dd4-c1d1a0204b2b,synthetic_csv,synthetic-csv-v1,syn1-U-A-002-014,595d9f18-8f5d-5c43-8866-791052463081,HC2-014,3BR,available,2,2026-07-19T00:00:00Z,\N,2025-08-20T00:00:00Z,2026-07-19T00:00:00Z
71cba36e-b084-513d-9838-385f00d52bdd,synthetic_csv,synthetic-csv-v1,syn1-U-A-002-015,595d9f18-8f5d-5c43-8866-791052463081,HC2-015,3BR,available,2,2026-07-19T00:00:00Z,\N,2025-08-20T12:00:00Z,2026-07-19T00:00:00Z
e3c11e4a-0d75-5ea2-9964-e04a404ed119,synthetic_csv,synthetic-csv-v1,syn1-U-A-002-016,595d9f18-8f5d-5c43-8866-791052463081,HC2-016,3BR,available,2,2026-07-19T00:00:00Z,\N,2025-08-21T00:00:00Z,2026-07-19T00:00:00Z
a922d929-89ed-5fd5-a37f-2a9c0df3c1f0,synthetic_csv,synthetic-csv-v1,syn1-U-A-002-017,595d9f18-8f5d-5c43-8866-791052463081,HC2-017,3BR,available,2,2026-07-19T00:00:00Z,\N,2025-08-21T12:00:00Z,2026-07-19T00:00:00Z
b72ce10a-7e99-5408-b17c-453a0458312a,synthetic_csv,synthetic-csv-v1,syn1-U-A-002-018,595d9f18-8f5d-5c43-8866-791052463081,HC2-018,3BR,available,2,2026-07-19T00:00:00Z,\N,2025-08-22T00:00:00Z,2026-07-19T00:00:00Z
c328f15a-0f84-545d-99ce-5d15ebf04c40,synthetic_csv,synthetic-csv-v1,syn1-U-A-002-019,595d9f18-8f5d-5c43-8866-791052463081,HC2-019,3BR,available,2,2026-07-19T00:00:00Z,\N,2025-08-22T12:00:00Z,2026-07-19T00:00:00Z
6dab61bf-4ea4-52a1-8ca2-c1a228b0e103,synthetic_csv,synthetic-csv-v1,syn1-U-A-002-020,595d9f18-8f5d-5c43-8866-791052463081,HC2-020,3BR,available,2,2026-07-19T00:00:00Z,\N,2025-08-23T00:00:00Z,2026-07-19T00:00:00Z
d2b8d3d2-c3e5-5cb4-8ab1-ac5ffb2db77b,synthetic_csv,synthetic-csv-v1,syn1-U-A-002-021,595d9f18-8f5d-5c43-8866-791052463081,HC2-021,3BR,available,2,2026-07-19T00:00:00Z,\N,2025-08-23T12:00:00Z,2026-07-19T00:00:00Z
5988a9fa-0219-5301-96cd-ddb98570ae97,synthetic_csv,synthetic-csv-v1,syn1-U-A-002-022,595d9f18-8f5d-5c43-8866-791052463081,HC2-022,3BR,available,2,2026-07-19T00:00:00Z,\N,2025-08-24T00:00:00Z,2026-07-19T00:00:00Z
b574a371-5c05-52cb-90d6-f9f0e92d72f0,synthetic_csv,synthetic-csv-v1,syn1-U-A-002-023,595d9f18-8f5d-5c43-8866-791052463081,HC2-023,3BR,available,2,2026-07-19T00:00:00Z,\N,2025-08-24T12:00:00Z,2026-07-19T00:00:00Z
deac2a14-15da-59b7-8c53-9cdcfdae1dbd,synthetic_csv,synthetic-csv-v1,syn1-U-A-002-024,595d9f18-8f5d-5c43-8866-791052463081,HC2-024,3BR,available,2,2026-07-19T00:00:00Z,\N,2025-08-25T00:00:00Z,2026-07-19T00:00:00Z
3fe26753-6fa9-5ba9-9e11-b6e6f0cf3d16,synthetic_csv,synthetic-csv-v1,syn1-U-A-002-025,595d9f18-8f5d-5c43-8866-791052463081,HC2-025,3BR,available,2,2026-07-19T00:00:00Z,\N,2025-08-25T12:00:00Z,2026-07-19T00:00:00Z
b31610c1-d386-531c-b335-8a3590f4b9c8,synthetic_csv,synthetic-csv-v1,syn1-U-A-002-026,595d9f18-8f5d-5c43-8866-791052463081,HC2-026,3BR,available,2,2026-07-19T00:00:00Z,\N,2025-08-26T00:00:00Z,2026-07-19T00:00:00Z
c07b9476-a607-5c68-a612-8592e6e11b0e,synthetic_csv,synthetic-csv-v1,syn1-U-A-002-027,595d9f18-8f5d-5c43-8866-791052463081,HC2-027,3BR,available,2,2026-07-19T00:00:00Z,\N,2025-08-26T12:00:00Z,2026-07-19T00:00:00Z
cc53894c-d645-54c9-8b81-762afb68f09d,synthetic_csv,synthetic-csv-v1,syn1-U-A-002-028,595d9f18-8f5d-5c43-8866-791052463081,HC2-028,3BR,available,2,2026-07-19T00:00:00Z,\N,2025-08-27T00:00:00Z,2026-07-19T00:00:00Z
4523f57c-fb8b-5d45-a497-2af0ee8c5706,synthetic_csv,synthetic-csv-v1,syn1-U-A-002-029,595d9f18-8f5d-5c43-8866-791052463081,HC2-029,3BR,available,2,2026-07-19T00:00:00Z,\N,2025-08-27T12:00:00Z,2026-07-19T00:00:00Z
f70116bd-fae7-510e-9078-3327ef3169d4,synthetic_csv,synthetic-csv-v1,syn1-U-A-002-030,595d9f18-8f5d-5c43-8866-791052463081,HC2-030,3BR,available,2,2026-07-19T00:00:00Z,\N,2025-08-28T00:00:00Z,2026-07-19T00:00:00Z
f0aee2c9-9190-52d9-87cc-92e77747261a,synthetic_csv,synthetic-csv-v1,syn1-U-A-003-001,0b24d289-da6c-5de3-9062-67af2813f4ea,HC3-001,1BR,sold,2,2026-07-19T00:00:00Z,\N,2025-08-13T12:00:00Z,2026-07-19T00:00:00Z
708debdf-7b78-5f3a-8154-44a96c916d5c,synthetic_csv,synthetic-csv-v1,syn1-U-A-003-002,0b24d289-da6c-5de3-9062-67af2813f4ea,HC3-002,1BR,sold,2,2026-07-19T00:00:00Z,\N,2025-08-14T00:00:00Z,2026-07-19T00:00:00Z
9a7c7727-b00b-5d24-8f44-048f569b48c2,synthetic_csv,synthetic-csv-v1,syn1-U-A-003-003,0b24d289-da6c-5de3-9062-67af2813f4ea,HC3-003,1BR,reserved,2,2026-07-19T00:00:00Z,\N,2025-08-14T12:00:00Z,2026-07-19T00:00:00Z
b91e49b9-b51b-5caf-85aa-9fb439e3d04b,synthetic_csv,synthetic-csv-v1,syn1-U-A-003-004,0b24d289-da6c-5de3-9062-67af2813f4ea,HC3-004,1BR,blocked,2,2026-07-19T00:00:00Z,\N,2025-08-15T00:00:00Z,2026-07-19T00:00:00Z
eaa48b24-1533-5f31-a1bb-4cc82be6e247,synthetic_csv,synthetic-csv-v1,syn1-U-A-003-005,0b24d289-da6c-5de3-9062-67af2813f4ea,HC3-005,1BR,available,2,2026-07-19T00:00:00Z,\N,2025-08-15T12:00:00Z,2026-07-19T00:00:00Z
7f3ca7bb-482a-5cd4-9d26-283cda805690,synthetic_csv,synthetic-csv-v1,syn1-U-A-003-006,0b24d289-da6c-5de3-9062-67af2813f4ea,HC3-006,1BR,available,2,2026-07-19T00:00:00Z,\N,2025-08-16T00:00:00Z,2026-07-19T00:00:00Z
e3e1db45-63b5-5c8e-9064-d6dc220ad4db,synthetic_csv,synthetic-csv-v1,syn1-U-A-003-007,0b24d289-da6c-5de3-9062-67af2813f4ea,HC3-007,1BR,available,2,2026-07-19T00:00:00Z,\N,2025-08-16T12:00:00Z,2026-07-19T00:00:00Z
a4f8ba31-41b3-5b3a-93bc-bb957c9a6e95,synthetic_csv,synthetic-csv-v1,syn1-U-A-003-008,0b24d289-da6c-5de3-9062-67af2813f4ea,HC3-008,1BR,available,2,2026-07-19T00:00:00Z,\N,2025-08-17T00:00:00Z,2026-07-19T00:00:00Z
ff70288e-8cc8-5ee1-9902-dc6d9e0841a6,synthetic_csv,synthetic-csv-v1,syn1-U-A-003-009,0b24d289-da6c-5de3-9062-67af2813f4ea,HC3-009,1BR,available,2,2026-07-19T00:00:00Z,\N,2025-08-17T12:00:00Z,2026-07-19T00:00:00Z
993ce1ea-6ac8-5140-a89b-e76c8342c75b,synthetic_csv,synthetic-csv-v1,syn1-U-A-003-010,0b24d289-da6c-5de3-9062-67af2813f4ea,HC3-010,1BR,available,2,2026-07-19T00:00:00Z,\N,2025-08-18T00:00:00Z,2026-07-19T00:00:00Z
74b09c92-c1e6-5cd1-9234-b17e4e00a1b9,synthetic_csv,synthetic-csv-v1,syn1-U-A-003-011,0b24d289-da6c-5de3-9062-67af2813f4ea,HC3-011,1BR,available,2,2026-07-19T00:00:00Z,\N,2025-08-18T12:00:00Z,2026-07-19T00:00:00Z
59a5716a-7211-5370-b9bf-aae13c88c0b1,synthetic_csv,synthetic-csv-v1,syn1-U-A-003-012,0b24d289-da6c-5de3-9062-67af2813f4ea,HC3-012,1BR,available,2,2026-07-19T00:00:00Z,\N,2025-08-19T00:00:00Z,2026-07-19T00:00:00Z
f08cd43f-2468-503b-a6a1-1c23818c0fb7,synthetic_csv,synthetic-csv-v1,syn1-U-A-003-013,0b24d289-da6c-5de3-9062-67af2813f4ea,HC3-013,1BR,available,2,2026-07-19T00:00:00Z,\N,2025-08-19T12:00:00Z,2026-07-19T00:00:00Z
e92fdcac-c321-534f-8ccb-0b1afdf10993,synthetic_csv,synthetic-csv-v1,syn1-U-A-003-014,0b24d289-da6c-5de3-9062-67af2813f4ea,HC3-014,1BR,available,2,2026-07-19T00:00:00Z,\N,2025-08-20T00:00:00Z,2026-07-19T00:00:00Z
86ff17b1-71e0-5215-a615-1f888444101a,synthetic_csv,synthetic-csv-v1,syn1-U-A-003-015,0b24d289-da6c-5de3-9062-67af2813f4ea,HC3-015,1BR,available,2,2026-07-19T00:00:00Z,\N,2025-08-20T12:00:00Z,2026-07-19T00:00:00Z
1acffca8-739f-5ffa-9d0d-f55eac5fd2ea,synthetic_csv,synthetic-csv-v1,syn1-U-A-003-016,0b24d289-da6c-5de3-9062-67af2813f4ea,HC3-016,1BR,available,2,2026-07-19T00:00:00Z,\N,2025-08-21T00:00:00Z,2026-07-19T00:00:00Z
9aff6ffc-377b-52ab-acd2-3853c328e2a2,synthetic_csv,synthetic-csv-v1,syn1-U-A-003-017,0b24d289-da6c-5de3-9062-67af2813f4ea,HC3-017,1BR,available,2,2026-07-19T00:00:00Z,\N,2025-08-21T12:00:00Z,2026-07-19T00:00:00Z
55a1db1d-3da5-551e-b870-e49493c99476,synthetic_csv,synthetic-csv-v1,syn1-U-A-003-018,0b24d289-da6c-5de3-9062-67af2813f4ea,HC3-018,1BR,available,2,2026-07-19T00:00:00Z,\N,2025-08-22T00:00:00Z,2026-07-19T00:00:00Z
241b97bf-895d-58cc-b2c8-0796eb8e0772,synthetic_csv,synthetic-csv-v1,syn1-U-A-003-019,0b24d289-da6c-5de3-9062-67af2813f4ea,HC3-019,1BR,available,2,2026-07-19T00:00:00Z,\N,2025-08-22T12:00:00Z,2026-07-19T00:00:00Z
c1653867-35c4-54b2-bf5d-f6ac6b363f41,synthetic_csv,synthetic-csv-v1,syn1-U-A-003-020,0b24d289-da6c-5de3-9062-67af2813f4ea,HC3-020,1BR,available,2,2026-07-19T00:00:00Z,\N,2025-08-23T00:00:00Z,2026-07-19T00:00:00Z
342b3158-88e5-5e82-b747-1b4cd955b824,synthetic_csv,synthetic-csv-v1,syn1-U-A-003-021,0b24d289-da6c-5de3-9062-67af2813f4ea,HC3-021,1BR,available,2,2026-07-19T00:00:00Z,\N,2025-08-23T12:00:00Z,2026-07-19T00:00:00Z
c6cde389-3b0d-532f-82de-36ca6c74ea3a,synthetic_csv,synthetic-csv-v1,syn1-U-A-003-022,0b24d289-da6c-5de3-9062-67af2813f4ea,HC3-022,1BR,available,2,2026-07-19T00:00:00Z,\N,2025-08-24T00:00:00Z,2026-07-19T00:00:00Z
a18cb4a4-5f23-5663-a8fe-7b097bd31c57,synthetic_csv,synthetic-csv-v1,syn1-U-A-003-023,0b24d289-da6c-5de3-9062-67af2813f4ea,HC3-023,1BR,available,2,2026-07-19T00:00:00Z,\N,2025-08-24T12:00:00Z,2026-07-19T00:00:00Z
aeb04a23-b99c-553d-a209-2aa601aefe8e,synthetic_csv,synthetic-csv-v1,syn1-U-A-003-024,0b24d289-da6c-5de3-9062-67af2813f4ea,HC3-024,1BR,available,2,2026-07-19T00:00:00Z,\N,2025-08-25T00:00:00Z,2026-07-19T00:00:00Z
a9605ba9-e720-59a3-a40f-cc4036a0f70a,synthetic_csv,synthetic-csv-v1,syn1-U-A-004-001,fefccc58-d625-539e-a48e-d38ba602c0b4,HC4-001,Studio,blocked,2,2026-07-19T00:00:00Z,\N,2025-08-13T12:00:00Z,2026-07-19T00:00:00Z
50fe9dcf-c6aa-5675-a26d-5dbe1f2e8b05,synthetic_csv,synthetic-csv-v1,syn1-U-A-004-002,fefccc58-d625-539e-a48e-d38ba602c0b4,HC4-002,Studio,blocked,2,2026-07-19T00:00:00Z,\N,2025-08-14T00:00:00Z,2026-07-19T00:00:00Z
4096cc34-230a-5496-8ce8-fb663c83f260,synthetic_csv,synthetic-csv-v1,syn1-U-A-004-003,fefccc58-d625-539e-a48e-d38ba602c0b4,HC4-003,Studio,available,2,2026-07-19T00:00:00Z,\N,2025-08-14T12:00:00Z,2026-07-19T00:00:00Z
17bdfad5-8781-54f1-8ec4-ef53a692fc56,synthetic_csv,synthetic-csv-v1,syn1-U-A-004-004,fefccc58-d625-539e-a48e-d38ba602c0b4,HC4-004,Studio,available,2,2026-07-19T00:00:00Z,\N,2025-08-15T00:00:00Z,2026-07-19T00:00:00Z
d98ee9ff-f083-5516-8a7b-cb2bc7fb2638,synthetic_csv,synthetic-csv-v1,syn1-U-A-004-005,fefccc58-d625-539e-a48e-d38ba602c0b4,HC4-005,Studio,available,2,2026-07-19T00:00:00Z,\N,2025-08-15T12:00:00Z,2026-07-19T00:00:00Z
aa134901-9326-5876-8a3f-870497903c4d,synthetic_csv,synthetic-csv-v1,syn1-U-A-004-006,fefccc58-d625-539e-a48e-d38ba602c0b4,HC4-006,Studio,available,2,2026-07-19T00:00:00Z,\N,2025-08-16T00:00:00Z,2026-07-19T00:00:00Z
d08bf07b-1ee3-551a-8f10-3cd023ece270,synthetic_csv,synthetic-csv-v1,syn1-U-A-004-007,fefccc58-d625-539e-a48e-d38ba602c0b4,HC4-007,Studio,available,2,2026-07-19T00:00:00Z,\N,2025-08-16T12:00:00Z,2026-07-19T00:00:00Z
63b70c7c-fbec-51c9-8985-f11c2d8c0a51,synthetic_csv,synthetic-csv-v1,syn1-U-A-004-008,fefccc58-d625-539e-a48e-d38ba602c0b4,HC4-008,Studio,available,2,2026-07-19T00:00:00Z,\N,2025-08-17T00:00:00Z,2026-07-19T00:00:00Z
4f26d9f6-8355-5324-851a-5ee28dff13c7,synthetic_csv,synthetic-csv-v1,syn1-U-A-004-009,fefccc58-d625-539e-a48e-d38ba602c0b4,HC4-009,Studio,available,2,2026-07-19T00:00:00Z,\N,2025-08-17T12:00:00Z,2026-07-19T00:00:00Z
15a4da7a-9c45-57ed-9955-e22b27ccc3c8,synthetic_csv,synthetic-csv-v1,syn1-U-A-004-010,fefccc58-d625-539e-a48e-d38ba602c0b4,HC4-010,Studio,available,2,2026-07-19T00:00:00Z,\N,2025-08-18T00:00:00Z,2026-07-19T00:00:00Z
e22ed85e-8930-553e-b1d3-e19d208bbc0f,synthetic_csv,synthetic-csv-v1,syn1-U-A-004-011,fefccc58-d625-539e-a48e-d38ba602c0b4,HC4-011,Studio,available,2,2026-07-19T00:00:00Z,\N,2025-08-18T12:00:00Z,2026-07-19T00:00:00Z
f304f728-5b33-5eb0-b63d-db7be51a7943,synthetic_csv,synthetic-csv-v1,syn1-U-A-004-012,fefccc58-d625-539e-a48e-d38ba602c0b4,HC4-012,Studio,available,2,2026-07-19T00:00:00Z,\N,2025-08-19T00:00:00Z,2026-07-19T00:00:00Z
438262e7-cc2c-5382-8a89-76c032a0534d,synthetic_csv,synthetic-csv-v1,syn1-U-A-005-001,d1c16841-dee0-58bc-aa62-67fd335b971f,WPA-001,2BR,sold,2,2026-07-19T00:00:00Z,\N,2025-08-13T12:00:00Z,2026-07-19T00:00:00Z
9cad7427-1df8-596a-baac-3fc00156be4e,synthetic_csv,synthetic-csv-v1,syn1-U-A-005-002,d1c16841-dee0-58bc-aa62-67fd335b971f,WPA-002,2BR,sold,2,2026-07-19T00:00:00Z,\N,2025-08-14T00:00:00Z,2026-07-19T00:00:00Z
b9fe7567-40c5-5124-b805-aef2b1b52efb,synthetic_csv,synthetic-csv-v1,syn1-U-A-005-003,d1c16841-dee0-58bc-aa62-67fd335b971f,WPA-003,2BR,sold,2,2026-07-19T00:00:00Z,\N,2025-08-14T12:00:00Z,2026-07-19T00:00:00Z
31f67f34-0bd0-5d54-b7ea-d38cff1b6d1d,synthetic_csv,synthetic-csv-v1,syn1-U-A-005-004,d1c16841-dee0-58bc-aa62-67fd335b971f,WPA-004,2BR,sold,2,2026-07-19T00:00:00Z,\N,2025-08-15T00:00:00Z,2026-07-19T00:00:00Z
141e7e5b-f024-5302-9167-c4bfad36eff7,synthetic_csv,synthetic-csv-v1,syn1-U-A-005-005,d1c16841-dee0-58bc-aa62-67fd335b971f,WPA-005,2BR,sold,2,2026-07-19T00:00:00Z,\N,2025-08-15T12:00:00Z,2026-07-19T00:00:00Z
eb6d40af-6d60-5906-a5c6-daf8a78d2e23,synthetic_csv,synthetic-csv-v1,syn1-U-A-005-006,d1c16841-dee0-58bc-aa62-67fd335b971f,WPA-006,2BR,sold,2,2026-07-19T00:00:00Z,\N,2025-08-16T00:00:00Z,2026-07-19T00:00:00Z
be91ab20-665c-5ae0-8f36-6bb3b58abf65,synthetic_csv,synthetic-csv-v1,syn1-U-A-005-007,d1c16841-dee0-58bc-aa62-67fd335b971f,WPA-007,2BR,sold,2,2026-07-19T00:00:00Z,\N,2025-08-16T12:00:00Z,2026-07-19T00:00:00Z
fbec5681-5f3e-5c11-9fec-c11be2d0cdaf,synthetic_csv,synthetic-csv-v1,syn1-U-A-005-008,d1c16841-dee0-58bc-aa62-67fd335b971f,WPA-008,2BR,sold,2,2026-07-19T00:00:00Z,\N,2025-08-17T00:00:00Z,2026-07-19T00:00:00Z
9a0a9151-6949-5ac1-9593-76a2205bd953,synthetic_csv,synthetic-csv-v1,syn1-U-A-005-009,d1c16841-dee0-58bc-aa62-67fd335b971f,WPA-009,2BR,sold,2,2026-07-19T00:00:00Z,\N,2025-08-17T12:00:00Z,2026-07-19T00:00:00Z
14efcf2d-6dd9-5417-b57f-f07ba74e3cc1,synthetic_csv,synthetic-csv-v1,syn1-U-A-005-010,d1c16841-dee0-58bc-aa62-67fd335b971f,WPA-010,2BR,reserved,2,2026-07-19T00:00:00Z,\N,2025-08-18T00:00:00Z,2026-07-19T00:00:00Z
db2bd0e2-65fc-53e9-bbac-c4964d98f0bb,synthetic_csv,synthetic-csv-v1,syn1-U-A-005-011,d1c16841-dee0-58bc-aa62-67fd335b971f,WPA-011,2BR,reserved,2,2026-07-19T00:00:00Z,\N,2025-08-18T12:00:00Z,2026-07-19T00:00:00Z
91f1455c-7b23-51a8-9aa5-9e0f75ab3192,synthetic_csv,synthetic-csv-v1,syn1-U-A-005-012,d1c16841-dee0-58bc-aa62-67fd335b971f,WPA-012,2BR,available,2,2026-07-19T00:00:00Z,\N,2025-08-19T00:00:00Z,2026-07-19T00:00:00Z
69ad4b37-f200-5ede-b0d8-bfd78baee5c5,synthetic_csv,synthetic-csv-v1,syn1-U-A-005-013,d1c16841-dee0-58bc-aa62-67fd335b971f,WPA-013,2BR,available,2,2026-07-19T00:00:00Z,\N,2025-08-19T12:00:00Z,2026-07-19T00:00:00Z
b82b5596-7a1f-5770-bfbd-8bc0adbc6545,synthetic_csv,synthetic-csv-v1,syn1-U-A-005-014,d1c16841-dee0-58bc-aa62-67fd335b971f,WPA-014,2BR,available,2,2026-07-19T00:00:00Z,\N,2025-08-20T00:00:00Z,2026-07-19T00:00:00Z
a79168f3-a870-5d91-b82d-024a37762f47,synthetic_csv,synthetic-csv-v1,syn1-U-A-005-015,d1c16841-dee0-58bc-aa62-67fd335b971f,WPA-015,2BR,available,2,2026-07-19T00:00:00Z,\N,2025-08-20T12:00:00Z,2026-07-19T00:00:00Z
f0c9c605-c2ee-5214-8fd7-4039b3b91364,synthetic_csv,synthetic-csv-v1,syn1-U-A-005-016,d1c16841-dee0-58bc-aa62-67fd335b971f,WPA-016,2BR,available,2,2026-07-19T00:00:00Z,\N,2025-08-21T00:00:00Z,2026-07-19T00:00:00Z
eecee072-53c7-56a2-964c-1fcf5fd33835,synthetic_csv,synthetic-csv-v1,syn1-U-A-005-017,d1c16841-dee0-58bc-aa62-67fd335b971f,WPA-017,2BR,available,2,2026-07-19T00:00:00Z,\N,2025-08-21T12:00:00Z,2026-07-19T00:00:00Z
ae9e0f9d-0f2c-5b6d-ae5f-453fa0c9cc62,synthetic_csv,synthetic-csv-v1,syn1-U-A-005-018,d1c16841-dee0-58bc-aa62-67fd335b971f,WPA-018,2BR,available,2,2026-07-19T00:00:00Z,\N,2025-08-22T00:00:00Z,2026-07-19T00:00:00Z
500340df-ec0e-5359-9327-989a36003fd6,synthetic_csv,synthetic-csv-v1,syn1-U-A-005-019,d1c16841-dee0-58bc-aa62-67fd335b971f,WPA-019,2BR,available,2,2026-07-19T00:00:00Z,\N,2025-08-22T12:00:00Z,2026-07-19T00:00:00Z
6b944b4a-0130-5eb4-8887-decca51c3e68,synthetic_csv,synthetic-csv-v1,syn1-U-A-005-020,d1c16841-dee0-58bc-aa62-67fd335b971f,WPA-020,2BR,available,2,2026-07-19T00:00:00Z,\N,2025-08-23T00:00:00Z,2026-07-19T00:00:00Z
29c5c861-c82c-551a-8381-75274cf1f890,synthetic_csv,synthetic-csv-v1,syn1-U-A-005-021,d1c16841-dee0-58bc-aa62-67fd335b971f,WPA-021,2BR,available,2,2026-07-19T00:00:00Z,\N,2025-08-23T12:00:00Z,2026-07-19T00:00:00Z
f2bd9b60-ffbf-50bb-87ee-ad02e53f6961,synthetic_csv,synthetic-csv-v1,syn1-U-A-005-022,d1c16841-dee0-58bc-aa62-67fd335b971f,WPA-022,2BR,available,2,2026-07-19T00:00:00Z,\N,2025-08-24T00:00:00Z,2026-07-19T00:00:00Z
22fb6c9c-86cd-5e88-8032-2fed781a9ec9,synthetic_csv,synthetic-csv-v1,syn1-U-A-005-023,d1c16841-dee0-58bc-aa62-67fd335b971f,WPA-023,2BR,available,2,2026-07-19T00:00:00Z,\N,2025-08-24T12:00:00Z,2026-07-19T00:00:00Z
3fbbb8e1-4391-5e68-ae0c-a334e15d0f07,synthetic_csv,synthetic-csv-v1,syn1-U-A-005-024,d1c16841-dee0-58bc-aa62-67fd335b971f,WPA-024,2BR,available,2,2026-07-19T00:00:00Z,\N,2025-08-25T00:00:00Z,2026-07-19T00:00:00Z
aeda1dc3-c95e-533d-96f8-54eb28807b2e,synthetic_csv,synthetic-csv-v1,syn1-U-A-005-025,d1c16841-dee0-58bc-aa62-67fd335b971f,WPA-025,2BR,available,2,2026-07-19T00:00:00Z,\N,2025-08-25T12:00:00Z,2026-07-19T00:00:00Z
7d433467-dd48-5aa0-8a4b-16377a94b134,synthetic_csv,synthetic-csv-v1,syn1-U-A-005-026,d1c16841-dee0-58bc-aa62-67fd335b971f,WPA-026,2BR,available,2,2026-07-19T00:00:00Z,\N,2025-08-26T00:00:00Z,2026-07-19T00:00:00Z
c58c5fe8-405b-5a53-bd38-02ac639eeab5,synthetic_csv,synthetic-csv-v1,syn1-U-A-005-027,d1c16841-dee0-58bc-aa62-67fd335b971f,WPA-027,2BR,available,2,2026-07-19T00:00:00Z,\N,2025-08-26T12:00:00Z,2026-07-19T00:00:00Z
fc7e2cc3-5789-5eb0-8772-e45c6d1a5d29,synthetic_csv,synthetic-csv-v1,syn1-U-A-005-028,d1c16841-dee0-58bc-aa62-67fd335b971f,WPA-028,2BR,available,2,2026-07-19T00:00:00Z,\N,2025-08-27T00:00:00Z,2026-07-19T00:00:00Z
130a0923-6130-57a2-bd88-baf4604124be,synthetic_csv,synthetic-csv-v1,syn1-U-A-005-029,d1c16841-dee0-58bc-aa62-67fd335b971f,WPA-029,2BR,available,2,2026-07-19T00:00:00Z,\N,2025-08-27T12:00:00Z,2026-07-19T00:00:00Z
570168c7-5660-5cae-9fc7-9040cd29fca4,synthetic_csv,synthetic-csv-v1,syn1-U-A-005-030,d1c16841-dee0-58bc-aa62-67fd335b971f,WPA-030,2BR,available,2,2026-07-19T00:00:00Z,\N,2025-08-28T00:00:00Z,2026-07-19T00:00:00Z
b2368dd3-7050-50f0-9de5-0ef6229f4dea,synthetic_csv,synthetic-csv-v1,syn1-U-A-006-001,992af92a-c20b-56be-bce2-001f0c1968e6,WPB-001,3BR,sold,2,2026-07-19T00:00:00Z,\N,2025-08-13T12:00:00Z,2026-07-19T00:00:00Z
bf903984-f521-5aa8-87a0-2f78355b032b,synthetic_csv,synthetic-csv-v1,syn1-U-A-006-002,992af92a-c20b-56be-bce2-001f0c1968e6,WPB-002,3BR,sold,2,2026-07-19T00:00:00Z,\N,2025-08-14T00:00:00Z,2026-07-19T00:00:00Z
39d5b98c-845f-5d4e-8f3a-9dff247a31c2,synthetic_csv,synthetic-csv-v1,syn1-U-A-006-003,992af92a-c20b-56be-bce2-001f0c1968e6,WPB-003,3BR,sold,2,2026-07-19T00:00:00Z,\N,2025-08-14T12:00:00Z,2026-07-19T00:00:00Z
da3c7d30-c9e2-5caa-ac0f-eff9b9da5894,synthetic_csv,synthetic-csv-v1,syn1-U-A-006-004,992af92a-c20b-56be-bce2-001f0c1968e6,WPB-004,3BR,sold,2,2026-07-19T00:00:00Z,\N,2025-08-15T00:00:00Z,2026-07-19T00:00:00Z
ca3decf8-7751-5110-91b2-95949b0a789c,synthetic_csv,synthetic-csv-v1,syn1-U-A-006-005,992af92a-c20b-56be-bce2-001f0c1968e6,WPB-005,3BR,reserved,2,2026-07-19T00:00:00Z,\N,2025-08-15T12:00:00Z,2026-07-19T00:00:00Z
ceeafa36-ff77-5aaa-8505-b6cc5f0ed16d,synthetic_csv,synthetic-csv-v1,syn1-U-A-006-006,992af92a-c20b-56be-bce2-001f0c1968e6,WPB-006,3BR,blocked,2,2026-07-19T00:00:00Z,\N,2025-08-16T00:00:00Z,2026-07-19T00:00:00Z
3ebe1b55-b105-56c3-8c6c-aaeb30b5e40f,synthetic_csv,synthetic-csv-v1,syn1-U-A-006-007,992af92a-c20b-56be-bce2-001f0c1968e6,WPB-007,3BR,available,2,2026-07-19T00:00:00Z,\N,2025-08-16T12:00:00Z,2026-07-19T00:00:00Z
6fe3eb5f-cbd8-59cd-af6c-eb51ad4744d1,synthetic_csv,synthetic-csv-v1,syn1-U-A-006-008,992af92a-c20b-56be-bce2-001f0c1968e6,WPB-008,3BR,available,2,2026-07-19T00:00:00Z,\N,2025-08-17T00:00:00Z,2026-07-19T00:00:00Z
b7137581-faab-5f3b-991f-e4a0c2238f85,synthetic_csv,synthetic-csv-v1,syn1-U-A-006-009,992af92a-c20b-56be-bce2-001f0c1968e6,WPB-009,3BR,available,2,2026-07-19T00:00:00Z,\N,2025-08-17T12:00:00Z,2026-07-19T00:00:00Z
fdb94762-2d81-5979-8fcc-e4e87d95f63b,synthetic_csv,synthetic-csv-v1,syn1-U-A-006-010,992af92a-c20b-56be-bce2-001f0c1968e6,WPB-010,3BR,available,2,2026-07-19T00:00:00Z,\N,2025-08-18T00:00:00Z,2026-07-19T00:00:00Z
105a2322-c1a5-5998-83d8-29a3d71637d9,synthetic_csv,synthetic-csv-v1,syn1-U-A-006-011,992af92a-c20b-56be-bce2-001f0c1968e6,WPB-011,3BR,available,2,2026-07-19T00:00:00Z,\N,2025-08-18T12:00:00Z,2026-07-19T00:00:00Z
1ff38629-a970-5c90-a5c4-568630751fce,synthetic_csv,synthetic-csv-v1,syn1-U-A-006-012,992af92a-c20b-56be-bce2-001f0c1968e6,WPB-012,3BR,available,2,2026-07-19T00:00:00Z,\N,2025-08-19T00:00:00Z,2026-07-19T00:00:00Z
f3c1a82f-ca5e-5b3f-a923-292dc622db87,synthetic_csv,synthetic-csv-v1,syn1-U-A-006-013,992af92a-c20b-56be-bce2-001f0c1968e6,WPB-013,3BR,available,2,2026-07-19T00:00:00Z,\N,2025-08-19T12:00:00Z,2026-07-19T00:00:00Z
6d7bda79-544e-5886-ab36-af14df8e1b65,synthetic_csv,synthetic-csv-v1,syn1-U-A-006-014,992af92a-c20b-56be-bce2-001f0c1968e6,WPB-014,3BR,available,2,2026-07-19T00:00:00Z,\N,2025-08-20T00:00:00Z,2026-07-19T00:00:00Z
2e057ad0-b3af-5492-8cdc-12411a816f75,synthetic_csv,synthetic-csv-v1,syn1-U-A-006-015,992af92a-c20b-56be-bce2-001f0c1968e6,WPB-015,3BR,available,2,2026-07-19T00:00:00Z,\N,2025-08-20T12:00:00Z,2026-07-19T00:00:00Z
616f5cc1-be55-5cc6-912a-a15a713d56d5,synthetic_csv,synthetic-csv-v1,syn1-U-A-006-016,992af92a-c20b-56be-bce2-001f0c1968e6,WPB-016,3BR,available,2,2026-07-19T00:00:00Z,\N,2025-08-21T00:00:00Z,2026-07-19T00:00:00Z
e4a45048-3315-544a-bfea-bcec3e9c263d,synthetic_csv,synthetic-csv-v1,syn1-U-A-006-017,992af92a-c20b-56be-bce2-001f0c1968e6,WPB-017,3BR,available,2,2026-07-19T00:00:00Z,\N,2025-08-21T12:00:00Z,2026-07-19T00:00:00Z
b32ed3da-7116-585f-9ade-009501875f2f,synthetic_csv,synthetic-csv-v1,syn1-U-A-006-018,992af92a-c20b-56be-bce2-001f0c1968e6,WPB-018,3BR,available,2,2026-07-19T00:00:00Z,\N,2025-08-22T00:00:00Z,2026-07-19T00:00:00Z
79db3660-17d2-5dde-bafa-3a8a815a3bb6,synthetic_csv,synthetic-csv-v1,syn1-U-A-006-019,992af92a-c20b-56be-bce2-001f0c1968e6,WPB-019,3BR,available,2,2026-07-19T00:00:00Z,\N,2025-08-22T12:00:00Z,2026-07-19T00:00:00Z
77033418-a784-59e8-bb6e-fc51d0c41cb6,synthetic_csv,synthetic-csv-v1,syn1-U-A-006-020,992af92a-c20b-56be-bce2-001f0c1968e6,WPB-020,3BR,available,2,2026-07-19T00:00:00Z,\N,2025-08-23T00:00:00Z,2026-07-19T00:00:00Z
5b4df318-20b0-5f13-8ef1-64e2049226f2,synthetic_csv,synthetic-csv-v1,syn1-U-A-007-001,aabfb001-73bc-592e-833b-3eab1b0f7220,WPC-001,1BR,sold,2,2026-07-19T00:00:00Z,\N,2025-08-13T12:00:00Z,2026-07-19T00:00:00Z
dff36f60-672c-5ac6-ae2c-c429b9e165b5,synthetic_csv,synthetic-csv-v1,syn1-U-A-007-002,aabfb001-73bc-592e-833b-3eab1b0f7220,WPC-002,1BR,sold,2,2026-07-19T00:00:00Z,\N,2025-08-14T00:00:00Z,2026-07-19T00:00:00Z
5ecaac22-370e-5880-b3de-08264a7405d5,synthetic_csv,synthetic-csv-v1,syn1-U-A-007-003,aabfb001-73bc-592e-833b-3eab1b0f7220,WPC-003,1BR,sold,2,2026-07-19T00:00:00Z,\N,2025-08-14T12:00:00Z,2026-07-19T00:00:00Z
8833ba91-4579-57cf-bd69-c7adafd6b901,synthetic_csv,synthetic-csv-v1,syn1-U-A-007-004,aabfb001-73bc-592e-833b-3eab1b0f7220,WPC-004,1BR,available,2,2026-07-19T00:00:00Z,\N,2025-08-15T00:00:00Z,2026-07-19T00:00:00Z
2992a22b-9b8a-57ee-b8e8-949a1769532f,synthetic_csv,synthetic-csv-v1,syn1-U-A-007-005,aabfb001-73bc-592e-833b-3eab1b0f7220,WPC-005,1BR,available,2,2026-07-19T00:00:00Z,\N,2025-08-15T12:00:00Z,2026-07-19T00:00:00Z
764ae67f-625c-58a8-bbe3-57ab59f036fa,synthetic_csv,synthetic-csv-v1,syn1-U-A-007-006,aabfb001-73bc-592e-833b-3eab1b0f7220,WPC-006,1BR,available,2,2026-07-19T00:00:00Z,\N,2025-08-16T00:00:00Z,2026-07-19T00:00:00Z
08b003f2-3d7e-517f-8abb-b40e2e555bcb,synthetic_csv,synthetic-csv-v1,syn1-U-A-007-007,aabfb001-73bc-592e-833b-3eab1b0f7220,WPC-007,1BR,available,2,2026-07-19T00:00:00Z,\N,2025-08-16T12:00:00Z,2026-07-19T00:00:00Z
5aeb29f0-702b-5540-aa0c-b7cd435f8141,synthetic_csv,synthetic-csv-v1,syn1-U-A-007-008,aabfb001-73bc-592e-833b-3eab1b0f7220,WPC-008,1BR,available,2,2026-07-19T00:00:00Z,\N,2025-08-17T00:00:00Z,2026-07-19T00:00:00Z
69b70045-a604-5085-a879-01fec21365b7,synthetic_csv,synthetic-csv-v1,syn1-U-A-007-009,aabfb001-73bc-592e-833b-3eab1b0f7220,WPC-009,1BR,available,2,2026-07-19T00:00:00Z,\N,2025-08-17T12:00:00Z,2026-07-19T00:00:00Z
4bc00789-5fea-5758-a257-18be78d7b125,synthetic_csv,synthetic-csv-v1,syn1-U-A-007-010,aabfb001-73bc-592e-833b-3eab1b0f7220,WPC-010,1BR,available,2,2026-07-19T00:00:00Z,\N,2025-08-18T00:00:00Z,2026-07-19T00:00:00Z
87c43909-9690-5665-bbb6-0283c30db204,synthetic_csv,synthetic-csv-v1,syn1-U-A-007-011,aabfb001-73bc-592e-833b-3eab1b0f7220,WPC-011,1BR,available,2,2026-07-19T00:00:00Z,\N,2025-08-18T12:00:00Z,2026-07-19T00:00:00Z
2ed07238-7792-51f5-8d96-b0ff53fc65a4,synthetic_csv,synthetic-csv-v1,syn1-U-A-007-012,aabfb001-73bc-592e-833b-3eab1b0f7220,WPC-012,1BR,available,2,2026-07-19T00:00:00Z,\N,2025-08-19T00:00:00Z,2026-07-19T00:00:00Z
2dfc86cf-1c11-5607-9317-37fb382f4ee6,synthetic_csv,synthetic-csv-v1,syn1-U-A-007-013,aabfb001-73bc-592e-833b-3eab1b0f7220,WPC-013,1BR,available,2,2026-07-19T00:00:00Z,\N,2025-08-19T12:00:00Z,2026-07-19T00:00:00Z
64441b8b-eb42-55ed-bfca-dc4aa0c29cdb,synthetic_csv,synthetic-csv-v1,syn1-U-A-007-014,aabfb001-73bc-592e-833b-3eab1b0f7220,WPC-014,1BR,available,2,2026-07-19T00:00:00Z,\N,2025-08-20T00:00:00Z,2026-07-19T00:00:00Z
7f4b6fda-d947-548f-b4f8-5de81a67cafe,synthetic_csv,synthetic-csv-v1,syn1-U-A-007-015,aabfb001-73bc-592e-833b-3eab1b0f7220,WPC-015,1BR,available,2,2026-07-19T00:00:00Z,\N,2025-08-20T12:00:00Z,2026-07-19T00:00:00Z
2351819a-ad52-52e3-b8c5-4b08230429b6,synthetic_csv,synthetic-csv-v1,syn1-U-A-007-016,aabfb001-73bc-592e-833b-3eab1b0f7220,WPC-016,1BR,available,2,2026-07-19T00:00:00Z,\N,2025-08-21T00:00:00Z,2026-07-19T00:00:00Z
314a047d-8a25-5883-a92d-7a5a9eeb789e,synthetic_csv,synthetic-csv-v1,syn1-U-A-008-001,3552b1b8-b749-5851-a3b1-1b295129cff8,QFN-001,2BR,sold,2,2026-07-19T00:00:00Z,\N,2025-08-13T12:00:00Z,2026-07-19T00:00:00Z
d275930c-065e-51a8-9f65-a0ec118c6f84,synthetic_csv,synthetic-csv-v1,syn1-U-A-008-002,3552b1b8-b749-5851-a3b1-1b295129cff8,QFN-002,2BR,sold,2,2026-07-19T00:00:00Z,\N,2025-08-14T00:00:00Z,2026-07-19T00:00:00Z
812e3a55-3f82-539e-9ff5-a7b25bb3f379,synthetic_csv,synthetic-csv-v1,syn1-U-A-008-003,3552b1b8-b749-5851-a3b1-1b295129cff8,QFN-003,2BR,sold,2,2026-07-19T00:00:00Z,\N,2025-08-14T12:00:00Z,2026-07-19T00:00:00Z
d5055dfd-ecaf-5b79-aa8a-9f4bae795e35,synthetic_csv,synthetic-csv-v1,syn1-U-A-008-004,3552b1b8-b749-5851-a3b1-1b295129cff8,QFN-004,2BR,reserved,2,2026-07-19T00:00:00Z,\N,2025-08-15T00:00:00Z,2026-07-19T00:00:00Z
e7e43108-e997-5753-8235-b7198d8e2e48,synthetic_csv,synthetic-csv-v1,syn1-U-A-008-005,3552b1b8-b749-5851-a3b1-1b295129cff8,QFN-005,2BR,blocked,2,2026-07-19T00:00:00Z,\N,2025-08-15T12:00:00Z,2026-07-19T00:00:00Z
159f820b-88cb-58a6-8f2b-5262dfb8d4e1,synthetic_csv,synthetic-csv-v1,syn1-U-A-008-006,3552b1b8-b749-5851-a3b1-1b295129cff8,QFN-006,2BR,blocked,2,2026-07-19T00:00:00Z,\N,2025-08-16T00:00:00Z,2026-07-19T00:00:00Z
a6140525-d4fc-5841-9dbe-e10ebd165317,synthetic_csv,synthetic-csv-v1,syn1-U-A-008-007,3552b1b8-b749-5851-a3b1-1b295129cff8,QFN-007,2BR,blocked,2,2026-07-19T00:00:00Z,\N,2025-08-16T12:00:00Z,2026-07-19T00:00:00Z
0b9ed12c-0e4b-5cf6-82b9-67a8d14bf188,synthetic_csv,synthetic-csv-v1,syn1-U-A-008-008,3552b1b8-b749-5851-a3b1-1b295129cff8,QFN-008,2BR,blocked,2,2026-07-19T00:00:00Z,\N,2025-08-17T00:00:00Z,2026-07-19T00:00:00Z
a99db8bf-802a-5d8a-aaae-df9e55bd4831,synthetic_csv,synthetic-csv-v1,syn1-U-A-008-009,3552b1b8-b749-5851-a3b1-1b295129cff8,QFN-009,2BR,available,2,2026-07-19T00:00:00Z,\N,2025-08-17T12:00:00Z,2026-07-19T00:00:00Z
8ae99e89-31b5-5e17-9b3c-9176b6c38120,synthetic_csv,synthetic-csv-v1,syn1-U-A-008-010,3552b1b8-b749-5851-a3b1-1b295129cff8,QFN-010,2BR,available,2,2026-07-19T00:00:00Z,\N,2025-08-18T00:00:00Z,2026-07-19T00:00:00Z
d48e0cfe-981c-517b-8eed-eeaf785e7f23,synthetic_csv,synthetic-csv-v1,syn1-U-A-008-011,3552b1b8-b749-5851-a3b1-1b295129cff8,QFN-011,2BR,available,2,2026-07-19T00:00:00Z,\N,2025-08-18T12:00:00Z,2026-07-19T00:00:00Z
89795c6c-d36c-5cfa-b7a1-6a7aa5ca37cb,synthetic_csv,synthetic-csv-v1,syn1-U-A-008-012,3552b1b8-b749-5851-a3b1-1b295129cff8,QFN-012,2BR,available,2,2026-07-19T00:00:00Z,\N,2025-08-19T00:00:00Z,2026-07-19T00:00:00Z
81c331e6-62e9-5f44-a806-dc71466fdc04,synthetic_csv,synthetic-csv-v1,syn1-U-A-008-013,3552b1b8-b749-5851-a3b1-1b295129cff8,QFN-013,2BR,available,2,2026-07-19T00:00:00Z,\N,2025-08-19T12:00:00Z,2026-07-19T00:00:00Z
1375880e-b96a-5aae-abb8-be99056ae8d9,synthetic_csv,synthetic-csv-v1,syn1-U-A-008-014,3552b1b8-b749-5851-a3b1-1b295129cff8,QFN-014,2BR,available,2,2026-07-19T00:00:00Z,\N,2025-08-20T00:00:00Z,2026-07-19T00:00:00Z
6ad774e9-70f5-5764-b9ff-f167278af6e7,synthetic_csv,synthetic-csv-v1,syn1-U-A-008-015,3552b1b8-b749-5851-a3b1-1b295129cff8,QFN-015,2BR,available,2,2026-07-19T00:00:00Z,\N,2025-08-20T12:00:00Z,2026-07-19T00:00:00Z
f298055d-998c-554c-a271-f5a044321743,synthetic_csv,synthetic-csv-v1,syn1-U-A-008-016,3552b1b8-b749-5851-a3b1-1b295129cff8,QFN-016,2BR,available,2,2026-07-19T00:00:00Z,\N,2025-08-21T00:00:00Z,2026-07-19T00:00:00Z
ffa1cf0f-ab40-5796-b3cc-ab6aa8fbfa25,synthetic_csv,synthetic-csv-v1,syn1-U-A-008-017,3552b1b8-b749-5851-a3b1-1b295129cff8,QFN-017,2BR,available,2,2026-07-19T00:00:00Z,\N,2025-08-21T12:00:00Z,2026-07-19T00:00:00Z
55e0698b-d01a-557a-b419-07bb42214117,synthetic_csv,synthetic-csv-v1,syn1-U-A-008-018,3552b1b8-b749-5851-a3b1-1b295129cff8,QFN-018,2BR,available,2,2026-07-19T00:00:00Z,\N,2025-08-22T00:00:00Z,2026-07-19T00:00:00Z
d45b8099-9cca-5978-9bae-238c58eaa42c,synthetic_csv,synthetic-csv-v1,syn1-U-A-009-001,f7f1e08d-c907-50c0-929f-bbc3efa871e2,QFL-001,2BR,sold,2,2026-07-19T00:00:00Z,\N,2025-08-13T12:00:00Z,2026-07-19T00:00:00Z
f8f202bd-3bf2-5b66-ab02-54ad8afb11d5,synthetic_csv,synthetic-csv-v1,syn1-U-A-009-002,f7f1e08d-c907-50c0-929f-bbc3efa871e2,QFL-002,2BR,available,2,2026-07-19T00:00:00Z,\N,2025-08-14T00:00:00Z,2026-07-19T00:00:00Z
d1854514-e31e-599d-a234-eaf5700fb7d5,synthetic_csv,synthetic-csv-v1,syn1-U-A-009-003,f7f1e08d-c907-50c0-929f-bbc3efa871e2,QFL-003,2BR,available,2,2026-07-19T00:00:00Z,\N,2025-08-14T12:00:00Z,2026-07-19T00:00:00Z
78318d32-df39-509f-967e-be63e73250ac,synthetic_csv,synthetic-csv-v1,syn1-U-A-009-004,f7f1e08d-c907-50c0-929f-bbc3efa871e2,QFL-004,2BR,available,2,2026-07-19T00:00:00Z,\N,2025-08-15T00:00:00Z,2026-07-19T00:00:00Z
3dd2bf66-efc8-5b3f-8607-099eedbefafc,synthetic_csv,synthetic-csv-v1,syn1-U-A-009-005,f7f1e08d-c907-50c0-929f-bbc3efa871e2,QFL-005,2BR,available,2,2026-07-19T00:00:00Z,\N,2025-08-15T12:00:00Z,2026-07-19T00:00:00Z
309e07de-af33-5f12-92d1-58165354ae60,synthetic_csv,synthetic-csv-v1,syn1-U-A-009-006,f7f1e08d-c907-50c0-929f-bbc3efa871e2,QFL-006,2BR,available,2,2026-07-19T00:00:00Z,\N,2025-08-16T00:00:00Z,2026-07-19T00:00:00Z
95498e33-58a0-532a-aa64-7a87b56daf4e,synthetic_csv,synthetic-csv-v1,syn1-U-A-009-007,f7f1e08d-c907-50c0-929f-bbc3efa871e2,QFL-007,2BR,available,2,2026-07-19T00:00:00Z,\N,2025-08-16T12:00:00Z,2026-07-19T00:00:00Z
a855a226-fee2-51bf-b691-9e0cd755cdbc,synthetic_csv,synthetic-csv-v1,syn1-U-A-009-008,f7f1e08d-c907-50c0-929f-bbc3efa871e2,QFL-008,2BR,available,2,2026-07-19T00:00:00Z,\N,2025-08-17T00:00:00Z,2026-07-19T00:00:00Z
9424309c-5ce8-5823-94aa-1c06527d1ee9,synthetic_csv,synthetic-csv-v1,syn1-U-A-009-009,f7f1e08d-c907-50c0-929f-bbc3efa871e2,QFL-009,2BR,available,2,2026-07-19T00:00:00Z,\N,2025-08-17T12:00:00Z,2026-07-19T00:00:00Z
a65452f2-bdad-5b12-a380-12c25113dfff,synthetic_csv,synthetic-csv-v1,syn1-U-A-009-010,f7f1e08d-c907-50c0-929f-bbc3efa871e2,QFL-010,2BR,available,2,2026-07-19T00:00:00Z,\N,2025-08-18T00:00:00Z,2026-07-19T00:00:00Z
